??,??,????,??,????
01-06-2019 0.00,1,1.164,5.884,1042.746
01-06-2019 1.00,2,1.16,5.827,1013.124
01-06-2019 2.00,3,1.158,5.596,897.527
01-06-2019 3.00,4,1.155,5.332,774.162
01-06-2019 4.00,5,1.153,4.945,610.292
01-06-2019 5.00,6,1.152,3.503,175.843
01-06-2019 6.00,7,1.151,2.863,68.288
01-06-2019 7.00,8,1.15,4.67,506.351
01-06-2019 8.00,9,1.151,6.064,1139.637
01-06-2019 9.00,10,1.152,6.561,1427.225
01-06-2019 10.00,11,1.155,6.671,1499.74
01-06-2019 11.00,12,1.158,6.812,1582.685
01-06-2019 12.00,13,1.161,6.824,1593.342
01-06-2019 13.00,14,1.164,6.737,1541.439
01-06-2019 14.00,15,1.167,6.437,1356.278
01-06-2019 15.00,16,1.17,5.664,930.716
01-06-2019 16.00,17,1.173,4.813,561.614
01-06-2019 17.00,18,1.175,4.665,506.234
01-06-2019 18.00,19,1.177,4.577,473.637
01-06-2019 19.00,20,1.179,2.859,67.803
01-06-2019 20.00,21,1.18,3.666,210.35
01-06-2019 21.00,22,1.18,7.117,1783.851
01-06-2019 22.00,23,1.174,8.248,2551.613
01-06-2019 23.00,24,1.167,8.724,2871.287
02-06-2019 0.00,25,1.16,8.961,3025.921
02-06-2019 1.00,26,1.154,9.299,3237.726
02-06-2019 2.00,27,1.15,9.05,3088.771
02-06-2019 3.00,28,1.148,8.785,2914.937
02-06-2019 4.00,29,1.146,8.216,2528.304
02-06-2019 5.00,30,1.145,6.432,1351.048
02-06-2019 6.00,31,1.145,7.801,2242.944
02-06-2019 7.00,32,1.145,8.086,2441.735
02-06-2019 8.00,33,1.147,8.25,2552.075
02-06-2019 9.00,34,1.15,8.744,2888.618
02-06-2019 10.00,35,1.153,9.151,3152.359
02-06-2019 11.00,36,1.157,9.501,3359.638
02-06-2019 12.00,37,1.161,9.585,3410.978
02-06-2019 13.00,38,1.165,9.416,3312.673
02-06-2019 14.00,39,1.168,9.108,3119.522
02-06-2019 15.00,40,1.171,8.478,2706.893
02-06-2019 16.00,41,1.174,7.745,2207.533
02-06-2019 17.00,42,1.176,6.572,1434.38
02-06-2019 18.00,43,1.179,6.529,1407.394
02-06-2019 19.00,44,1.181,7.336,1928.224
02-06-2019 20.00,45,1.183,7.373,1955.092
02-06-2019 21.00,46,1.183,7.088,1762.038
02-06-2019 22.00,47,1.177,7.015,1716.183
02-06-2019 23.00,48,1.167,6.726,1532.822
03-06-2019 0.00,49,1.161,5.997,1102.983
03-06-2019 1.00,50,1.158,5.508,855.191
03-06-2019 2.00,51,1.154,5.861,1031.055
03-06-2019 3.00,52,1.151,6.919,1656.216
03-06-2019 4.00,53,1.149,6.298,1271.091
03-06-2019 5.00,54,1.147,3.492,174.195
03-06-2019 6.00,55,1.147,4.012,297.904
03-06-2019 7.00,56,1.147,5.097,672.245
03-06-2019 8.00,57,1.147,5.158,697.885
03-06-2019 9.00,58,1.149,4.894,590.295
03-06-2019 10.00,59,1.151,4.608,484.44
03-06-2019 11.00,60,1.154,4.351,398.366
03-06-2019 12.00,61,1.158,4.043,306.473
03-06-2019 13.00,62,1.161,3.624,202.867
03-06-2019 14.00,63,1.164,3.336,141.558
03-06-2019 15.00,64,1.167,3.302,135.259
03-06-2019 16.00,65,1.17,3.457,166.782
03-06-2019 17.00,66,1.173,3.519,177.904
03-06-2019 18.00,67,1.175,3.901,270.191
03-06-2019 19.00,68,1.178,4.863,579.432
03-06-2019 20.00,69,1.18,5.818,1008.296
03-06-2019 21.00,70,1.18,6.783,1564.729
03-06-2019 22.00,71,1.174,7.556,2074.727
03-06-2019 23.00,72,1.163,7.386,1963.481
04-06-2019 0.00,73,1.157,7.118,1785.286
04-06-2019 1.00,74,1.153,6.959,1682.592
04-06-2019 2.00,75,1.15,6.783,1564.372
04-06-2019 3.00,76,1.147,6.597,1453.516
04-06-2019 4.00,77,1.145,6.274,1257.065
04-06-2019 5.00,78,1.143,3.853,255.656
04-06-2019 6.00,79,1.142,3.224,122.826
04-06-2019 7.00,80,1.142,3.799,242.184
04-06-2019 8.00,81,1.142,4.027,303.871
04-06-2019 9.00,82,1.143,4.09,319.465
04-06-2019 10.00,83,1.146,4.039,305.489
04-06-2019 11.00,84,1.149,3.813,245.555
04-06-2019 12.00,85,1.153,3.556,185.821
04-06-2019 13.00,86,1.157,3.373,149.675
04-06-2019 14.00,87,1.16,3.265,128.584
04-06-2019 15.00,88,1.163,3.312,137.066
04-06-2019 16.00,89,1.166,3.561,186.827
04-06-2019 17.00,90,1.169,3.914,271.563
04-06-2019 18.00,91,1.172,4.931,604.816
04-06-2019 19.00,92,1.174,5.991,1099.75
04-06-2019 20.00,93,1.176,6.854,1613.059
04-06-2019 21.00,94,1.176,7.231,1856.111
04-06-2019 22.00,95,1.169,7.269,1881.346
04-06-2019 23.00,96,1.158,6.971,1684.51
05-06-2019 0.00,97,1.152,6.507,1394.375
05-06-2019 1.00,98,1.148,6.135,1178.461
05-06-2019 2.00,99,1.146,5.831,1015.382
05-06-2019 3.00,100,1.144,5.626,912.112
05-06-2019 4.00,101,1.142,5.6,899.321
05-06-2019 5.00,102,1.142,3.908,270.353
05-06-2019 6.00,103,1.141,2.598,40.526
05-06-2019 7.00,104,1.141,3.833,250.582
05-06-2019 8.00,105,1.142,3.924,274.158
05-06-2019 9.00,106,1.144,4.096,321.304
05-06-2019 10.00,107,1.147,4.488,443.162
05-06-2019 11.00,108,1.151,4.894,590.317
05-06-2019 12.00,109,1.155,5.077,664.994
05-06-2019 13.00,110,1.159,5.122,682.73
05-06-2019 14.00,111,1.163,5.161,699.149
05-06-2019 15.00,112,1.167,5.138,689.35
05-06-2019 16.00,113,1.169,4.921,600.99
05-06-2019 17.00,114,1.172,4.34,394.759
05-06-2019 18.00,115,1.174,4.107,324.595
05-06-2019 19.00,116,1.176,3.952,283.863
05-06-2019 20.00,117,1.178,3.936,277.314
05-06-2019 21.00,118,1.178,3.871,262.754
05-06-2019 22.00,119,1.174,3.876,263.982
05-06-2019 23.00,120,1.166,4.478,439.55
06-06-2019 0.00,121,1.16,5.868,1034.375
06-06-2019 1.00,122,1.156,7.363,1946.069
06-06-2019 2.00,123,1.153,7.398,1973.825
06-06-2019 3.00,124,1.151,7.094,1767.699
06-06-2019 4.00,125,1.149,6.582,1444.399
06-06-2019 5.00,126,1.147,5.285,757.342
06-06-2019 6.00,127,1.147,6.636,1473.094
06-06-2019 7.00,128,1.147,7.983,2370.308
06-06-2019 8.00,129,1.148,9.532,3377.364
06-06-2019 9.00,130,1.149,10.715,3977.541
06-06-2019 10.00,131,1.152,11.357,4225.701
06-06-2019 11.00,132,1.156,11.401,4242.969
06-06-2019 12.00,133,1.16,10.806,4015.856
06-06-2019 13.00,134,1.163,9.692,3473.787
06-06-2019 14.00,135,1.166,8.265,2565.289
06-06-2019 15.00,136,1.169,6.586,1444.516
06-06-2019 16.00,137,1.172,5.212,720.94
06-06-2019 17.00,138,1.175,4.755,537.375
06-06-2019 18.00,139,1.177,5.324,772.882
06-06-2019 19.00,140,1.179,6.282,1261.996
06-06-2019 20.00,141,1.181,7.004,1708.046
06-06-2019 21.00,142,1.18,7.066,1746.521
06-06-2019 22.00,143,1.175,6.566,1430.256
06-06-2019 23.00,144,1.167,6.401,1331.436
07-06-2019 0.00,145,1.161,6.173,1203.629
07-06-2019 1.00,146,1.156,5.126,684.18
07-06-2019 2.00,147,1.152,4.83,565.627
07-06-2019 3.00,148,1.148,4.079,316.61
07-06-2019 4.00,149,1.145,3.156,110.086
07-06-2019 5.00,150,1.143,2.873,69.578
07-06-2019 6.00,151,1.141,2.125,11.837
07-06-2019 7.00,152,1.141,2.01,8.146
07-06-2019 8.00,153,1.141,3.343,142.859
07-06-2019 9.00,154,1.143,4.681,510.159
07-06-2019 10.00,155,1.146,5.336,775.856
07-06-2019 11.00,156,1.149,5.819,1009.028
07-06-2019 12.00,157,1.153,6.186,1209.9
07-06-2019 13.00,158,1.156,6.236,1241.181
07-06-2019 14.00,159,1.159,6.038,1126.242
07-06-2019 15.00,160,1.161,5.72,958.652
07-06-2019 16.00,161,1.164,5.167,701.692
07-06-2019 17.00,162,1.166,4.581,474.978
07-06-2019 18.00,163,1.169,5.504,853.359
07-06-2019 19.00,164,1.171,7.733,2198.009
07-06-2019 20.00,165,1.172,8.901,2993.246
07-06-2019 21.00,166,1.171,9.133,3135.505
07-06-2019 22.00,167,1.165,9.09,3108.08
07-06-2019 23.00,168,1.156,8.819,2933.838
08-06-2019 0.00,169,1.149,8.425,2674.318
08-06-2019 1.00,170,1.145,8.197,2514.972
08-06-2019 2.00,171,1.141,8.03,2407.052
08-06-2019 3.00,172,1.138,7.82,2255.58
08-06-2019 4.00,173,1.135,7.267,1881.305
08-06-2019 5.00,174,1.134,5.42,814.008
08-06-2019 6.00,175,1.134,5.02,640.616
08-06-2019 7.00,176,1.134,6.281,1261.57
08-06-2019 8.00,177,1.136,7.045,1732.825
08-06-2019 9.00,178,1.138,6.955,1677.509
08-06-2019 10.00,179,1.14,6.671,1499.76
08-06-2019 11.00,180,1.143,6.196,1215.003
08-06-2019 12.00,181,1.147,5.779,992.802
08-06-2019 13.00,182,1.15,5.605,901.633
08-06-2019 14.00,183,1.154,5.451,832.806
08-06-2019 15.00,184,1.157,5.365,788.855
08-06-2019 16.00,185,1.16,5.47,837.282
08-06-2019 17.00,186,1.162,5.359,786.195
08-06-2019 18.00,187,1.165,6.698,1512.402
08-06-2019 19.00,188,1.167,8.41,2660.75
08-06-2019 20.00,189,1.169,9.371,3281.657
08-06-2019 21.00,190,1.169,9.3,3238.444
08-06-2019 22.00,191,1.166,8.868,2966.195
08-06-2019 23.00,192,1.159,8.501,2722.873
09-06-2019 0.00,193,1.153,8.02,2393.573
09-06-2019 1.00,194,1.15,7.734,2199.624
09-06-2019 2.00,195,1.148,8.123,2469.218
09-06-2019 3.00,196,1.146,7.411,1977.284
09-06-2019 4.00,197,1.144,6.628,1469.094
09-06-2019 5.00,198,1.143,5.488,845.529
09-06-2019 6.00,199,1.143,4.414,420.377
09-06-2019 7.00,200,1.144,4.815,561.677
09-06-2019 8.00,201,1.145,6.534,1410.795
09-06-2019 9.00,202,1.147,7.88,2297.326
09-06-2019 10.00,203,1.15,8.615,2798.839
09-06-2019 11.00,204,1.153,8.737,2884.52
09-06-2019 12.00,205,1.157,8.516,2735.167
09-06-2019 13.00,206,1.16,8.624,2804.699
09-06-2019 14.00,207,1.163,8.536,2748.631
09-06-2019 15.00,208,1.165,8.055,2421.07
09-06-2019 16.00,209,1.167,7.928,2331.533
09-06-2019 17.00,210,1.17,7.708,2178.794
09-06-2019 18.00,211,1.171,7.721,2187.832
09-06-2019 19.00,212,1.173,7.394,1971.314
09-06-2019 20.00,213,1.174,6.979,1689.633
09-06-2019 21.00,214,1.173,6.782,1563.64
09-06-2019 22.00,215,1.166,6.605,1456.719
09-06-2019 23.00,216,1.158,6.382,1320.221
10-06-2019 0.00,217,1.151,6.2,1215.38
10-06-2019 1.00,218,1.147,6.033,1126.073
10-06-2019 2.00,219,1.143,6.089,1153.686
10-06-2019 3.00,220,1.14,6.058,1137.164
10-06-2019 4.00,221,1.138,5.632,914.798
10-06-2019 5.00,222,1.137,4.468,436.397
10-06-2019 6.00,223,1.136,4.162,340.513
10-06-2019 7.00,224,1.137,4.315,387.001
10-06-2019 8.00,225,1.138,4.241,364.129
10-06-2019 9.00,226,1.14,3.94,278.459
10-06-2019 10.00,227,1.142,3.492,174.145
10-06-2019 11.00,228,1.146,3.406,154.807
10-06-2019 12.00,229,1.149,3.7,220.395
10-06-2019 13.00,230,1.153,3.945,280.852
10-06-2019 14.00,231,1.156,3.957,285.175
10-06-2019 15.00,232,1.159,3.808,244.423
10-06-2019 16.00,233,1.161,3.754,231.248
10-06-2019 17.00,234,1.164,3.449,164.985
10-06-2019 18.00,235,1.166,3.08,98.137
10-06-2019 19.00,236,1.168,2.963,82.435
10-06-2019 20.00,237,1.17,3.004,86.921
10-06-2019 21.00,238,1.169,3.257,127.084
10-06-2019 22.00,239,1.163,3.694,217.679
10-06-2019 23.00,240,1.156,4.068,313.384
11-06-2019 0.00,241,1.15,4.28,378.945
11-06-2019 1.00,242,1.146,4.448,429.836
11-06-2019 2.00,243,1.144,4.822,562.447
11-06-2019 3.00,244,1.142,5.147,693.159
11-06-2019 4.00,245,1.141,4.904,594.149
11-06-2019 5.00,246,1.141,3.059,94.938
11-06-2019 6.00,247,1.141,2.838,65.307
11-06-2019 7.00,248,1.141,3.32,138.509
11-06-2019 8.00,249,1.143,3.487,173.132
11-06-2019 9.00,250,1.145,3.586,192.447
11-06-2019 10.00,251,1.148,3.613,199.098
11-06-2019 11.00,252,1.152,3.483,172.186
11-06-2019 12.00,253,1.155,3.079,97.895
11-06-2019 13.00,254,1.159,2.571,38.889
11-06-2019 14.00,255,1.162,1.964,7.064
11-06-2019 15.00,256,1.164,1.223,0.18
11-06-2019 16.00,257,1.166,0.591,0
11-06-2019 17.00,258,1.168,0.695,0
11-06-2019 18.00,259,1.17,1.35,0.41
11-06-2019 19.00,260,1.171,1.681,2.26
11-06-2019 20.00,261,1.172,1.414,0.604
11-06-2019 21.00,262,1.171,1.276,0.258
11-06-2019 22.00,263,1.166,1.397,0.558
11-06-2019 23.00,264,1.159,1.596,1.527
12-06-2019 0.00,265,1.152,2.016,8.328
12-06-2019 1.00,266,1.147,2.251,17.17
12-06-2019 2.00,267,1.142,2.195,14.761
12-06-2019 3.00,268,1.139,2.084,10.673
12-06-2019 4.00,269,1.136,2.315,20.911
12-06-2019 5.00,270,1.134,1.803,3.897
12-06-2019 6.00,271,1.133,1.494,0.915
12-06-2019 7.00,272,1.132,1.104,0.074
12-06-2019 8.00,273,1.132,1.466,0.791
12-06-2019 9.00,274,1.134,1.451,0.728
12-06-2019 10.00,275,1.136,1.317,0.337
12-06-2019 11.00,276,1.14,1.377,0.496
12-06-2019 12.00,277,1.144,2.119,11.621
12-06-2019 13.00,278,1.149,3.198,118.275
12-06-2019 14.00,279,1.152,3.739,227.643
12-06-2019 15.00,280,1.154,3.72,225.109
12-06-2019 16.00,281,1.155,3.849,254.666
12-06-2019 17.00,282,1.156,4.032,305.323
12-06-2019 18.00,283,1.157,4.763,540.357
12-06-2019 19.00,284,1.157,6.815,1584.522
12-06-2019 20.00,285,1.158,8.949,3018.232
12-06-2019 21.00,286,1.157,8.949,3018.155
12-06-2019 22.00,287,1.155,8.447,2687.872
12-06-2019 23.00,288,1.15,8.526,2742.794
13-06-2019 0.00,289,1.145,8.537,2748.63
13-06-2019 1.00,290,1.141,8.428,2674.322
13-06-2019 2.00,291,1.139,8.638,2814.253
13-06-2019 3.00,292,1.136,8.434,2679.635
13-06-2019 4.00,293,1.134,7.8,2241.75
13-06-2019 5.00,294,1.134,6.978,1688.979
13-06-2019 6.00,295,1.134,6.518,1401.266
13-06-2019 7.00,296,1.136,6.612,1459.207
13-06-2019 8.00,297,1.138,7.027,1720.786
13-06-2019 9.00,298,1.141,7.146,1805.326
13-06-2019 10.00,299,1.145,6.806,1578.965
13-06-2019 11.00,300,1.149,7.542,2065.4
13-06-2019 12.00,301,1.153,6.496,1390.014
13-06-2019 13.00,302,1.157,6.131,1176.693
13-06-2019 14.00,303,1.161,5.924,1063.828
13-06-2019 15.00,304,1.163,6.413,1340.416
13-06-2019 16.00,305,1.166,5.926,1064.895
13-06-2019 17.00,306,1.169,6.434,1352.563
13-06-2019 18.00,307,1.171,6.955,1677.12
13-06-2019 19.00,308,1.174,6.784,1565.127
13-06-2019 20.00,309,1.176,6.508,1394.914
13-06-2019 21.00,310,1.176,5.989,1099.198
13-06-2019 22.00,311,1.173,5.679,938.071
13-06-2019 23.00,312,1.17,5.519,860.63
14-06-2019 0.00,313,1.166,5.498,850.269
14-06-2019 1.00,314,1.163,5.354,783.901
14-06-2019 2.00,315,1.162,5.012,637.062
14-06-2019 3.00,316,1.161,4.687,512.511
14-06-2019 4.00,317,1.161,3.852,255.511
14-06-2019 5.00,318,1.161,2.211,15.645
14-06-2019 6.00,319,1.162,1.408,0.594
14-06-2019 7.00,320,1.164,2.017,8.342
14-06-2019 8.00,321,1.166,2.712,52.228
14-06-2019 9.00,322,1.169,3.028,90.373
14-06-2019 10.00,323,1.172,3.427,159.051
14-06-2019 11.00,324,1.176,3.657,208.302
14-06-2019 12.00,325,1.18,3.599,195.266
14-06-2019 13.00,326,1.184,3.221,122.467
14-06-2019 14.00,327,1.187,2.443,28.593
14-06-2019 15.00,328,1.19,1.873,5.131
14-06-2019 16.00,329,1.192,1.653,2.059
14-06-2019 17.00,330,1.195,2.145,12.595
14-06-2019 18.00,331,1.197,3.61,197.653
14-06-2019 19.00,332,1.2,5.074,664.924
14-06-2019 20.00,333,1.202,6.73,1536.883
14-06-2019 21.00,334,1.202,8.055,2421.073
14-06-2019 22.00,335,1.198,8.844,2949.959
14-06-2019 23.00,336,1.193,9.137,3137.737
15-06-2019 0.00,337,1.188,9.054,3089.358
15-06-2019 1.00,338,1.183,8.831,2947.721
15-06-2019 2.00,339,1.178,8.672,2842.277
15-06-2019 3.00,340,1.174,8.559,2762.071
15-06-2019 4.00,341,1.171,8.365,2630.377
15-06-2019 5.00,342,1.168,8.588,2782.201
15-06-2019 6.00,343,1.167,9.264,3220.404
15-06-2019 7.00,344,1.167,9.769,3511.921
15-06-2019 8.00,345,1.167,10.014,3644.281
15-06-2019 9.00,346,1.169,10.229,3753.319
15-06-2019 10.00,347,1.171,10.259,3768.435
15-06-2019 11.00,348,1.175,10.115,3696.32
15-06-2019 12.00,349,1.179,9.716,3484.922
15-06-2019 13.00,350,1.183,9.267,3220.336
15-06-2019 14.00,351,1.186,8.802,2928.086
15-06-2019 15.00,352,1.19,8.388,2645.643
15-06-2019 16.00,353,1.193,7.909,2317.763
15-06-2019 17.00,354,1.196,6.833,1600.299
15-06-2019 18.00,355,1.199,7.075,1756.015
15-06-2019 19.00,356,1.202,8.142,2479.348
15-06-2019 20.00,357,1.204,8.492,2721.68
15-06-2019 21.00,358,1.202,8.384,2643.13
15-06-2019 22.00,359,1.194,8.177,2503.605
15-06-2019 23.00,360,1.185,7.881,2297.656
16-06-2019 0.00,361,1.178,7.462,2010.412
16-06-2019 1.00,362,1.173,7.359,1941.741
16-06-2019 2.00,363,1.168,7.436,1996.934
16-06-2019 3.00,364,1.164,7.614,2116.919
16-06-2019 4.00,365,1.16,6.362,1309.737
16-06-2019 5.00,366,1.158,4.501,447.437
16-06-2019 6.00,367,1.156,5.582,894.235
16-06-2019 7.00,368,1.155,5.694,947.369
16-06-2019 8.00,369,1.156,5.985,1099.045
16-06-2019 9.00,370,1.157,6.313,1280.072
16-06-2019 10.00,371,1.159,6.254,1248.174
16-06-2019 11.00,372,1.161,5.755,976.276
16-06-2019 12.00,373,1.164,5.003,633.52
16-06-2019 13.00,374,1.167,4.315,386.831
16-06-2019 14.00,375,1.169,3.695,218.222
16-06-2019 15.00,376,1.172,3.206,119.772
16-06-2019 16.00,377,1.175,2.958,81.657
16-06-2019 17.00,378,1.178,2.858,67.726
16-06-2019 18.00,379,1.181,2.213,15.656
16-06-2019 19.00,380,1.184,1.583,1.437
16-06-2019 20.00,381,1.187,1.132,0.097
16-06-2019 21.00,382,1.187,1.529,1.092
16-06-2019 22.00,383,1.182,2.636,43.975
16-06-2019 23.00,384,1.175,3.736,226.709
17-06-2019 0.00,385,1.168,4.571,471.3
17-06-2019 1.00,386,1.164,5.04,652.249
17-06-2019 2.00,387,1.16,4.952,613.027
17-06-2019 3.00,388,1.157,4.592,478.545
17-06-2019 4.00,389,1.155,4.55,464.188
17-06-2019 5.00,390,1.153,4.494,444.982
17-06-2019 6.00,391,1.153,3.499,175.486
17-06-2019 7.00,392,1.153,3.288,132.743
17-06-2019 8.00,393,1.154,4.076,315.747
17-06-2019 9.00,394,1.156,5.486,844.877
17-06-2019 10.00,395,1.158,6.65,1481.372
17-06-2019 11.00,396,1.162,6.894,1638.628
17-06-2019 12.00,397,1.165,6.631,1469.604
17-06-2019 13.00,398,1.169,6.401,1331.421
17-06-2019 14.00,399,1.172,6.236,1240.982
17-06-2019 15.00,400,1.175,5.933,1068.676
17-06-2019 16.00,401,1.178,5.54,874.861
17-06-2019 17.00,402,1.18,5.6,899.3
17-06-2019 18.00,403,1.183,6.239,1242.692
17-06-2019 19.00,404,1.185,6.253,1246.954
17-06-2019 20.00,405,1.187,6.033,1126.072
17-06-2019 21.00,406,1.185,5.852,1026.1
17-06-2019 22.00,407,1.177,5.376,793.967
17-06-2019 23.00,408,1.168,4.624,493.256
18-06-2019 0.00,409,1.162,4.158,339.796
18-06-2019 1.00,410,1.157,4.066,312.768
18-06-2019 2.00,411,1.152,4.914,598.107
18-06-2019 3.00,412,1.148,5.778,991.395
18-06-2019 4.00,413,1.145,5.072,664.852
18-06-2019 5.00,414,1.143,4.863,579.675
18-06-2019 6.00,415,1.142,5.421,814.438
18-06-2019 7.00,416,1.141,5.398,803.876
18-06-2019 8.00,417,1.141,5.248,736.766
18-06-2019 9.00,418,1.142,5.378,794.681
18-06-2019 10.00,419,1.143,5.461,837.025
18-06-2019 11.00,420,1.146,5.071,664.81
18-06-2019 12.00,421,1.149,4.506,449.217
18-06-2019 13.00,422,1.152,4.271,373.73
18-06-2019 14.00,423,1.155,4.371,407.675
18-06-2019 15.00,424,1.158,4.558,466.969
18-06-2019 16.00,425,1.162,4.64,499.054
18-06-2019 17.00,426,1.165,4.538,463.181
18-06-2019 18.00,427,1.168,4.366,404.774
18-06-2019 19.00,428,1.171,4.358,400.472
18-06-2019 20.00,429,1.173,4.765,541.158
18-06-2019 21.00,430,1.171,5.678,937.716
18-06-2019 22.00,431,1.166,7.086,1761.986
18-06-2019 23.00,432,1.158,8.284,2578.959
19-06-2019 0.00,433,1.152,8.884,2976.302
19-06-2019 1.00,434,1.147,9.201,3177.81
19-06-2019 2.00,435,1.142,8.805,2928.058
19-06-2019 3.00,436,1.139,8.489,2720.672
19-06-2019 4.00,437,1.137,6.949,1670.931
19-06-2019 5.00,438,1.135,4.828,565.004
19-06-2019 6.00,439,1.135,4.492,444.528
19-06-2019 7.00,440,1.136,4.781,550.496
19-06-2019 8.00,441,1.138,5.844,1021.767
19-06-2019 9.00,442,1.142,6.584,1444.444
19-06-2019 10.00,443,1.146,7.111,1776.423
19-06-2019 11.00,444,1.151,6.637,1473.729
19-06-2019 12.00,445,1.157,5.465,837.145
19-06-2019 13.00,446,1.162,4.318,387.92
19-06-2019 14.00,447,1.166,3.705,221.609
19-06-2019 15.00,448,1.17,4.519,453.46
19-06-2019 16.00,449,1.173,5.784,995.705
19-06-2019 17.00,450,1.176,6.269,1254.971
19-06-2019 18.00,451,1.179,7.458,2008.111
19-06-2019 19.00,452,1.182,8.385,2644.095
19-06-2019 20.00,453,1.184,8.044,2413.014
19-06-2019 21.00,454,1.183,7.1,1774.548
19-06-2019 22.00,455,1.178,6.538,1412.98
19-06-2019 23.00,456,1.174,6.183,1207.375
20-06-2019 0.00,457,1.169,5.821,1010.012
20-06-2019 1.00,458,1.166,5.763,980.49
20-06-2019 2.00,459,1.162,5.837,1018.512
20-06-2019 3.00,460,1.16,5.26,741.797
20-06-2019 4.00,461,1.158,5.305,766.254
20-06-2019 5.00,462,1.157,6.061,1137.742
20-06-2019 6.00,463,1.157,6.875,1625.845
20-06-2019 7.00,464,1.157,7.355,1941.667
20-06-2019 8.00,465,1.158,7.723,2189.305
20-06-2019 9.00,466,1.159,7.799,2241.179
20-06-2019 10.00,467,1.161,7.366,1950.118
20-06-2019 11.00,468,1.164,6.826,1595.07
20-06-2019 12.00,469,1.167,6.494,1389.952
20-06-2019 13.00,470,1.17,6.634,1471.44
20-06-2019 14.00,471,1.172,6.793,1570.546
20-06-2019 15.00,472,1.174,6.884,1631.524
20-06-2019 16.00,473,1.176,6.788,1567.544
20-06-2019 17.00,474,1.178,6.447,1360.152
20-06-2019 18.00,475,1.18,6.635,1472.208
20-06-2019 19.00,476,1.182,7.453,2004.553
20-06-2019 20.00,477,1.183,7.425,1988.944
20-06-2019 21.00,478,1.182,7.162,1810.73
20-06-2019 22.00,479,1.174,6.821,1588.789
20-06-2019 23.00,480,1.167,6.487,1387.977
21-06-2019 0.00,481,1.161,6.435,1353.958
21-06-2019 1.00,482,1.156,6.496,1390.014
21-06-2019 2.00,483,1.152,6.274,1257.07
21-06-2019 3.00,484,1.149,6.125,1173.146
21-06-2019 4.00,485,1.147,4.918,599.518
21-06-2019 5.00,486,1.146,3.273,130.045
21-06-2019 6.00,487,1.145,3.816,246.38
21-06-2019 7.00,488,1.145,3.784,238.467
21-06-2019 8.00,489,1.146,3.621,202.221
21-06-2019 9.00,490,1.147,3.588,192.88
21-06-2019 10.00,491,1.148,3.434,160.337
21-06-2019 11.00,492,1.151,3.135,106.6
21-06-2019 12.00,493,1.153,2.962,82.256
21-06-2019 13.00,494,1.155,2.947,79.956
21-06-2019 14.00,495,1.158,3.1,101.188
21-06-2019 15.00,496,1.16,3.357,145.524
21-06-2019 16.00,497,1.163,3.895,268.903
21-06-2019 17.00,498,1.165,4.253,367.656
21-06-2019 18.00,499,1.167,4.64,498.755
21-06-2019 19.00,500,1.169,4.995,630.307
21-06-2019 20.00,501,1.171,5.163,699.783
21-06-2019 21.00,502,1.171,5.244,735.162
21-06-2019 22.00,503,1.165,5.287,758.001
21-06-2019 23.00,504,1.157,5.428,817.635
22-06-2019 0.00,505,1.152,5.35,782.119
22-06-2019 1.00,506,1.149,5.059,660.172
22-06-2019 2.00,507,1.146,4.655,504.194
22-06-2019 3.00,508,1.143,4.277,377.334
22-06-2019 4.00,509,1.141,4.127,332.85
22-06-2019 5.00,510,1.139,2.78,59.581
22-06-2019 6.00,511,1.138,2.096,10.917
22-06-2019 7.00,512,1.138,3.061,95.221
22-06-2019 8.00,513,1.138,3.207,119.899
22-06-2019 9.00,514,1.139,3.235,124.895
22-06-2019 10.00,515,1.14,3.137,106.916
22-06-2019 11.00,516,1.143,3.07,96.51
22-06-2019 12.00,517,1.145,3.022,89.54
22-06-2019 13.00,518,1.148,2.901,73.057
22-06-2019 14.00,519,1.15,2.762,56.639
22-06-2019 15.00,520,1.153,2.629,43.311
22-06-2019 16.00,521,1.156,2.769,57.411
22-06-2019 17.00,522,1.158,2.969,83.283
22-06-2019 18.00,523,1.161,2.772,57.867
22-06-2019 19.00,524,1.164,2.955,81.286
22-06-2019 20.00,525,1.166,3.213,121.085
22-06-2019 21.00,526,1.166,3.474,170.461
22-06-2019 22.00,527,1.16,3.279,131.073
22-06-2019 23.00,528,1.149,2.938,77.854
23-06-2019 0.00,529,1.142,2.354,22.982
23-06-2019 1.00,530,1.137,1.574,1.401
23-06-2019 2.00,531,1.134,1.018,0.034
23-06-2019 3.00,532,1.131,0.683,0
23-06-2019 4.00,533,1.129,0.522,0
23-06-2019 5.00,534,1.127,0.514,0
23-06-2019 6.00,535,1.126,0.666,0
23-06-2019 7.00,536,1.126,2.176,13.826
23-06-2019 8.00,537,1.127,2.569,38.734
23-06-2019 9.00,538,1.128,2.561,38.02
23-06-2019 10.00,539,1.131,2.246,16.926
23-06-2019 11.00,540,1.134,1.866,4.932
23-06-2019 12.00,541,1.137,1.805,3.926
23-06-2019 13.00,542,1.141,2.037,9.164
23-06-2019 14.00,543,1.144,2.139,12.364
23-06-2019 15.00,544,1.147,1.937,6.31
23-06-2019 16.00,545,1.151,1.479,0.844
23-06-2019 17.00,546,1.154,1.34,0.385
23-06-2019 18.00,547,1.156,1.871,5.078
23-06-2019 19.00,548,1.159,3.143,107.92
23-06-2019 20.00,549,1.161,4.416,420.407
23-06-2019 21.00,550,1.159,5.384,797.555
23-06-2019 22.00,551,1.153,6.134,1177.912
23-06-2019 23.00,552,1.144,6.635,1472.497
24-06-2019 0.00,553,1.138,6.886,1633.322
24-06-2019 1.00,554,1.133,6.898,1638.735
24-06-2019 2.00,555,1.128,6.587,1444.539
24-06-2019 3.00,556,1.124,6.255,1248.834
24-06-2019 4.00,557,1.121,5.452,833.042
24-06-2019 5.00,558,1.119,3.846,253.937
24-06-2019 6.00,559,1.118,3.84,252.517
24-06-2019 7.00,560,1.118,4.587,477.088
24-06-2019 8.00,561,1.118,6.087,1153.623
24-06-2019 9.00,562,1.121,7.564,2079.895
24-06-2019 10.00,563,1.126,8.718,2868.772
24-06-2019 11.00,564,1.131,9.156,3152.262
24-06-2019 12.00,565,1.136,8.808,2928.038
24-06-2019 13.00,566,1.141,8.23,2538.212
24-06-2019 14.00,567,1.145,8.036,2407.302
24-06-2019 15.00,568,1.148,8.088,2441.754
24-06-2019 16.00,569,1.15,7.721,2187.88
24-06-2019 17.00,570,1.152,7.757,2217.426
24-06-2019 18.00,571,1.154,8.913,2997.057
24-06-2019 19.00,572,1.155,9.38,3286.91
24-06-2019 20.00,573,1.156,9.264,3220.4
24-06-2019 21.00,574,1.156,8.895,2986.597
24-06-2019 22.00,575,1.153,9.584,3410.985
24-06-2019 23.00,576,1.148,9.281,3227.052
25-06-2019 0.00,577,1.143,8.477,2706.37
25-06-2019 1.00,578,1.139,8.313,2596.73
25-06-2019 2.00,579,1.135,8.251,2553.604
25-06-2019 3.00,580,1.132,8.087,2441.739
25-06-2019 4.00,581,1.129,7.11,1775.227
25-06-2019 5.00,582,1.127,4.598,480.972
25-06-2019 6.00,583,1.126,4.825,563.541
25-06-2019 7.00,584,1.125,6.39,1324.511
25-06-2019 8.00,585,1.126,7.158,1808.17
25-06-2019 9.00,586,1.129,7.855,2283.26
25-06-2019 10.00,587,1.132,8.911,2994.069
25-06-2019 11.00,588,1.137,9.778,3517.235
25-06-2019 12.00,589,1.14,10.554,3906.843
25-06-2019 13.00,590,1.143,11.16,4154.512
25-06-2019 14.00,591,1.146,11.298,4203.981
25-06-2019 15.00,592,1.147,10.706,3973.551
25-06-2019 16.00,593,1.149,9.753,3503.349
25-06-2019 17.00,594,1.15,10.027,3651.052
25-06-2019 18.00,595,1.151,9.807,3533.37
25-06-2019 19.00,596,1.152,8.399,2659.049
25-06-2019 20.00,597,1.153,8.453,2689.815
25-06-2019 21.00,598,1.153,8.451,2688.394
25-06-2019 22.00,599,1.15,7.966,2356.038
25-06-2019 23.00,600,1.146,7.216,1845.224
26-06-2019 0.00,601,1.142,6.316,1281.411
26-06-2019 1.00,602,1.138,6.093,1156.844
26-06-2019 2.00,603,1.135,6.508,1394.822
26-06-2019 3.00,604,1.132,7.441,2002.412
26-06-2019 4.00,605,1.129,9.062,3090.716
26-06-2019 5.00,606,1.128,8.296,2586.714
26-06-2019 6.00,607,1.128,7.162,1810.488
26-06-2019 7.00,608,1.129,7.479,2022.283
26-06-2019 8.00,609,1.131,8.15,2489.684
26-06-2019 9.00,610,1.135,8.244,2551.594
26-06-2019 10.00,611,1.139,8.014,2393.512
26-06-2019 11.00,612,1.144,8.622,2803.515
26-06-2019 12.00,613,1.148,9.119,3126.553
26-06-2019 13.00,614,1.152,8.771,2903.222
26-06-2019 14.00,615,1.155,7.78,2234.689
26-06-2019 15.00,616,1.157,7.077,1757.967
26-06-2019 16.00,617,1.159,7.42,1988.825
26-06-2019 17.00,618,1.161,7.52,2050.362
26-06-2019 18.00,619,1.162,6.855,1613.082
26-06-2019 19.00,620,1.164,6.582,1444.395
26-06-2019 20.00,621,1.165,7.389,1967.808
26-06-2019 21.00,622,1.165,7.101,1774.984
26-06-2019 22.00,623,1.162,6.169,1202.543
26-06-2019 23.00,624,1.158,6.194,1214.947
27-06-2019 0.00,625,1.154,6.784,1565.25
27-06-2019 1.00,626,1.151,6.948,1670.896
27-06-2019 2.00,627,1.148,6.668,1497.515
27-06-2019 3.00,628,1.145,6.609,1456.863
27-06-2019 4.00,629,1.144,6.652,1482.849
27-06-2019 5.00,630,1.143,6.481,1384.267
27-06-2019 6.00,631,1.144,6.973,1685.786
27-06-2019 7.00,632,1.145,7.305,1904.745
27-06-2019 8.00,633,1.147,7.463,2011.533
27-06-2019 9.00,634,1.15,7.337,1928.236
27-06-2019 10.00,635,1.154,7.175,1821.317
27-06-2019 11.00,636,1.157,6.957,1679.519
27-06-2019 12.00,637,1.16,6.719,1524.871
27-06-2019 13.00,638,1.163,6.611,1458.296
27-06-2019 14.00,639,1.165,7.228,1853.397
27-06-2019 15.00,640,1.166,8.509,2734.451
27-06-2019 16.00,641,1.167,9.583,3411.027
27-06-2019 17.00,642,1.168,9.553,3389.664
27-06-2019 18.00,643,1.169,8.795,2921.341
27-06-2019 19.00,644,1.17,8.818,2933.57
27-06-2019 20.00,645,1.171,8.465,2698.226
27-06-2019 21.00,646,1.171,7.96,2352.424
27-06-2019 22.00,647,1.167,7.204,1837.533
27-06-2019 23.00,648,1.164,6.441,1359.936
28-06-2019 0.00,649,1.16,6.083,1153.495
28-06-2019 1.00,650,1.157,5.898,1050.33
28-06-2019 2.00,651,1.153,5.851,1025.429
28-06-2019 3.00,652,1.151,5.222,725.275
28-06-2019 4.00,653,1.149,4.866,581.796
28-06-2019 5.00,654,1.148,4.356,399.747
28-06-2019 6.00,655,1.148,4.527,458.33
28-06-2019 7.00,656,1.149,4.57,470.897
28-06-2019 8.00,657,1.15,5.018,639.761
28-06-2019 9.00,658,1.152,5.234,730.672
28-06-2019 10.00,659,1.154,5.015,638.29
28-06-2019 11.00,660,1.156,4.951,612.557
28-06-2019 12.00,661,1.158,4.846,571.663
28-06-2019 13.00,662,1.16,5.44,823.263
28-06-2019 14.00,663,1.161,6.358,1307.066
28-06-2019 15.00,664,1.163,6.61,1457.334
28-06-2019 16.00,665,1.164,6.621,1468.878
28-06-2019 17.00,666,1.165,7.423,1988.881
28-06-2019 18.00,667,1.166,8.225,2534.183
28-06-2019 19.00,668,1.167,8.687,2851.038
28-06-2019 20.00,669,1.168,8.975,3034.945
28-06-2019 21.00,670,1.167,9.027,3072.639
28-06-2019 22.00,671,1.164,8.47,2701.349
28-06-2019 23.00,672,1.16,7.577,2093.417
29-06-2019 0.00,673,1.155,6.338,1295.393
29-06-2019 1.00,674,1.151,5.989,1099.178
29-06-2019 2.00,675,1.147,5.652,925.042
29-06-2019 3.00,676,1.144,5.153,695.803
29-06-2019 4.00,677,1.142,4.663,506.178
29-06-2019 5.00,678,1.141,4.01,297.273
29-06-2019 6.00,679,1.14,4.499,446.663
29-06-2019 7.00,680,1.141,4.865,580.756
29-06-2019 8.00,681,1.143,5.145,692.397
29-06-2019 9.00,682,1.145,5.265,744.124
29-06-2019 10.00,683,1.148,5.04,652.33
29-06-2019 11.00,684,1.152,4.53,460.503
29-06-2019 12.00,685,1.156,3.887,266.666
29-06-2019 13.00,686,1.158,3.241,125.717
29-06-2019 14.00,687,1.16,2.385,24.563
29-06-2019 15.00,688,1.162,1.654,2.062
29-06-2019 16.00,689,1.163,1.738,2.893
29-06-2019 17.00,690,1.164,3.799,242.229
29-06-2019 18.00,691,1.165,5.787,997.253
29-06-2019 19.00,692,1.166,6.814,1583.971
29-06-2019 20.00,693,1.167,6.492,1389.871
29-06-2019 21.00,694,1.166,5.767,982.415
29-06-2019 22.00,695,1.163,5.75,973.731
29-06-2019 23.00,696,1.159,5.866,1033.348
30-06-2019 0.00,697,1.154,5.819,1009.073
30-06-2019 1.00,698,1.151,6.079,1152.201
30-06-2019 2.00,699,1.148,6.205,1220.215
30-06-2019 3.00,700,1.145,6.276,1258.445
30-06-2019 4.00,701,1.143,6.04,1126.304
30-06-2019 5.00,702,1.142,5.579,893.895
30-06-2019 6.00,703,1.141,5.663,930.436
30-06-2019 7.00,704,1.142,5.686,941.886
30-06-2019 8.00,705,1.143,5.726,961.462
30-06-2019 9.00,706,1.144,5.667,932.03
30-06-2019 10.00,707,1.146,5.663,930.335
30-06-2019 11.00,708,1.149,5.641,919.441
30-06-2019 12.00,709,1.151,5.707,957.03
30-06-2019 13.00,710,1.153,5.731,963.973
30-06-2019 14.00,711,1.155,5.408,808.424
30-06-2019 15.00,712,1.157,4.918,599.758
30-06-2019 16.00,713,1.159,4.832,566.539
30-06-2019 17.00,714,1.16,4.922,601.086
30-06-2019 18.00,715,1.162,5.292,760.367
30-06-2019 19.00,716,1.164,5.926,1064.764
30-06-2019 20.00,717,1.165,6.175,1203.701
30-06-2019 21.00,718,1.165,6.044,1130.675
30-06-2019 22.00,719,1.161,5.776,990.067
30-06-2019 23.00,720,1.155,5.758,978.069
01-07-2019 0.00,721,1.15,5.812,1005.396
01-07-2019 1.00,722,1.146,5.684,940.491
01-07-2019 2.00,723,1.142,5.721,959.385
01-07-2019 3.00,724,1.14,5.774,987.911
01-07-2019 4.00,725,1.138,5.46,836.995
01-07-2019 5.00,726,1.137,4.498,446.469
01-07-2019 6.00,727,1.137,3.849,254.76
01-07-2019 7.00,728,1.137,3.876,264.023
01-07-2019 8.00,729,1.138,4.162,340.43
01-07-2019 9.00,730,1.139,4.532,461.014
01-07-2019 10.00,731,1.141,4.895,590.594
01-07-2019 11.00,732,1.142,5.214,721.838
01-07-2019 12.00,733,1.145,5.316,771.12
01-07-2019 13.00,734,1.147,5.114,679.399
01-07-2019 14.00,735,1.149,4.503,448.213
01-07-2019 15.00,736,1.152,3.592,193.702
01-07-2019 16.00,737,1.155,2.903,73.351
01-07-2019 17.00,738,1.158,2.616,42.081
01-07-2019 18.00,739,1.161,2.33,21.785
01-07-2019 19.00,740,1.163,2.227,16.055
01-07-2019 20.00,741,1.164,2.139,12.38
01-07-2019 21.00,742,1.163,2.038,9.189
01-07-2019 22.00,743,1.159,1.96,7.028
01-07-2019 23.00,744,1.153,2.195,14.778
02-07-2019 0.00,745,1.148,2.905,73.613
02-07-2019 1.00,746,1.143,3.654,207.53
02-07-2019 2.00,747,1.14,4.345,396.295
02-07-2019 3.00,748,1.138,5.052,657.477
02-07-2019 4.00,749,1.136,5.408,808.738
02-07-2019 5.00,750,1.136,3.87,262.443
02-07-2019 6.00,751,1.135,3.551,184.815
02-07-2019 7.00,752,1.136,3.86,257.623
02-07-2019 8.00,753,1.137,4.28,378.816
02-07-2019 9.00,754,1.139,4.73,528.172
02-07-2019 10.00,755,1.142,5.28,754.545
02-07-2019 11.00,756,1.145,5.724,960.783
02-07-2019 12.00,757,1.148,5.943,1075.999
02-07-2019 13.00,758,1.151,5.603,900.744
02-07-2019 14.00,759,1.154,4.733,529.132
02-07-2019 15.00,760,1.156,3.888,266.914
02-07-2019 16.00,761,1.158,3.03,90.655
02-07-2019 17.00,762,1.16,3.083,98.502
02-07-2019 18.00,763,1.162,3.228,123.575
02-07-2019 19.00,764,1.163,3.194,116.973
02-07-2019 20.00,765,1.165,2.913,74.628
02-07-2019 21.00,766,1.164,2.454,29.723
02-07-2019 22.00,767,1.159,1.94,6.391
02-07-2019 23.00,768,1.153,1.921,5.951
03-07-2019 0.00,769,1.149,2.142,12.494
03-07-2019 1.00,770,1.145,2.055,9.709
03-07-2019 2.00,771,1.142,1.769,3.295
03-07-2019 3.00,772,1.139,1.822,4.184
03-07-2019 4.00,773,1.138,1.602,1.566
03-07-2019 5.00,774,1.137,2.063,9.951
03-07-2019 6.00,775,1.137,1.513,1.012
03-07-2019 7.00,776,1.138,1.663,2.129
03-07-2019 8.00,777,1.139,1.287,0.285
03-07-2019 9.00,778,1.141,0.77,0
03-07-2019 10.00,779,1.143,1.123,0.092
03-07-2019 11.00,780,1.146,1.508,0.987
03-07-2019 12.00,781,1.149,1.867,4.96
03-07-2019 13.00,782,1.151,2.222,15.822
03-07-2019 14.00,783,1.153,2.57,38.756
03-07-2019 15.00,784,1.155,2.683,48.426
03-07-2019 16.00,785,1.157,2.567,38.524
03-07-2019 17.00,786,1.159,2.239,16.6
03-07-2019 18.00,787,1.161,2.055,9.722
03-07-2019 19.00,788,1.163,2.071,10.235
03-07-2019 20.00,789,1.165,2.033,9.045
03-07-2019 21.00,790,1.165,1.802,3.881
03-07-2019 22.00,791,1.161,1.332,0.365
03-07-2019 23.00,792,1.154,1.078,0.059
04-07-2019 0.00,793,1.149,1.289,0.291
04-07-2019 1.00,794,1.146,1.545,1.228
04-07-2019 2.00,795,1.143,1.894,5.386
04-07-2019 3.00,796,1.14,2.229,16.133
04-07-2019 4.00,797,1.138,2.434,27.782
04-07-2019 5.00,798,1.137,1.374,0.488
04-07-2019 6.00,799,1.136,1.49,0.895
04-07-2019 7.00,800,1.136,1.44,0.687
04-07-2019 8.00,801,1.137,1.114,0.084
04-07-2019 9.00,802,1.138,0.649,0
04-07-2019 10.00,803,1.14,0.24,0
04-07-2019 11.00,804,1.144,0.704,0
04-07-2019 12.00,805,1.147,1.02,0.035
04-07-2019 13.00,806,1.15,1.288,0.29
04-07-2019 14.00,807,1.153,1.579,1.413
04-07-2019 15.00,808,1.156,1.859,4.728
04-07-2019 16.00,809,1.158,2.17,13.581
04-07-2019 17.00,810,1.16,2.556,37.582
04-07-2019 18.00,811,1.162,3.705,221.458
04-07-2019 19.00,812,1.163,5.255,739.72
04-07-2019 20.00,813,1.164,7.055,1738.893
04-07-2019 21.00,814,1.162,8.325,2609.541
04-07-2019 22.00,815,1.158,8.248,2551.615
04-07-2019 23.00,816,1.152,7.694,2169.432
05-07-2019 0.00,817,1.147,6.929,1658.021
05-07-2019 1.00,818,1.143,6.912,1647.976
05-07-2019 2.00,819,1.14,6.842,1603.38
05-07-2019 3.00,820,1.138,6.581,1444.356
05-07-2019 4.00,821,1.136,6.712,1524.661
05-07-2019 5.00,822,1.135,7.064,1745.181
05-07-2019 6.00,823,1.135,6.808,1580.2
05-07-2019 7.00,824,1.136,6.837,1600.409
05-07-2019 8.00,825,1.138,8.375,2637.242
05-07-2019 9.00,826,1.139,8.703,2859.836
05-07-2019 10.00,827,1.142,8.768,2901.769
05-07-2019 11.00,828,1.144,9.022,3066.49
05-07-2019 12.00,829,1.147,8.585,2782.207
05-07-2019 13.00,830,1.149,7.537,2063.725
05-07-2019 14.00,831,1.151,7.099,1773.373
05-07-2019 15.00,832,1.153,6.303,1274.125
05-07-2019 16.00,833,1.154,6.037,1126.214
05-07-2019 17.00,834,1.156,6.141,1181.752
05-07-2019 18.00,835,1.157,6.699,1512.434
05-07-2019 19.00,836,1.159,7.303,1903.685
05-07-2019 20.00,837,1.16,7.317,1912.795
05-07-2019 21.00,838,1.159,7.348,1938.521
05-07-2019 22.00,839,1.156,7.615,2118.205
05-07-2019 23.00,840,1.151,7.692,2167.489
06-07-2019 0.00,841,1.145,6.938,1668.512
06-07-2019 1.00,842,1.14,6.613,1460.04
06-07-2019 2.00,843,1.136,6.646,1478.91
06-07-2019 3.00,844,1.132,6.797,1573.557
06-07-2019 4.00,845,1.129,6.641,1475.726
06-07-2019 5.00,846,1.127,5.699,952.741
06-07-2019 6.00,847,1.126,5.198,717.863
06-07-2019 7.00,848,1.125,4.972,621.268
06-07-2019 8.00,849,1.126,4.738,530.975
06-07-2019 9.00,850,1.128,5.003,633.41
06-07-2019 10.00,851,1.131,5.18,707.309
06-07-2019 11.00,852,1.136,5.494,848.66
06-07-2019 12.00,853,1.14,5.739,968.168
06-07-2019 13.00,854,1.145,5.78,994.025
06-07-2019 14.00,855,1.149,5.533,871.767
06-07-2019 15.00,856,1.152,4.912,597.158
06-07-2019 16.00,857,1.154,4.52,453.852
06-07-2019 17.00,858,1.156,3.86,257.558
06-07-2019 18.00,859,1.158,2.79,60.636
06-07-2019 19.00,860,1.16,3.29,133.002
06-07-2019 20.00,861,1.161,5.385,797.847
06-07-2019 21.00,862,1.16,7.268,1881.332
06-07-2019 22.00,863,1.155,8.256,2559.439
06-07-2019 23.00,864,1.148,8.277,2574.988
07-07-2019 0.00,865,1.142,8.048,2418.617
07-07-2019 1.00,866,1.136,7.573,2088.958
07-07-2019 2.00,867,1.132,7.286,1894.651
07-07-2019 3.00,868,1.128,7.171,1821.217
07-07-2019 4.00,869,1.126,6.142,1182.66
07-07-2019 5.00,870,1.124,4.087,318.604
07-07-2019 6.00,871,1.124,3.562,187.134
07-07-2019 7.00,872,1.124,3.652,207.14
07-07-2019 8.00,873,1.125,3.279,131.052
07-07-2019 9.00,874,1.127,2.633,43.608
07-07-2019 10.00,875,1.13,1.981,7.37
07-07-2019 11.00,876,1.133,1.612,1.66
07-07-2019 12.00,877,1.136,1.464,0.779
07-07-2019 13.00,878,1.14,1.465,0.783
07-07-2019 14.00,879,1.143,1.613,1.677
07-07-2019 15.00,880,1.146,1.893,5.376
07-07-2019 16.00,881,1.148,2.269,18.071
07-07-2019 17.00,882,1.15,2.635,43.8
07-07-2019 18.00,883,1.152,2.983,84.816
07-07-2019 19.00,884,1.154,3.618,200.905
07-07-2019 20.00,885,1.155,4.145,338.251
07-07-2019 21.00,886,1.155,4.623,492.923
07-07-2019 22.00,887,1.15,4.98,624.298
07-07-2019 23.00,888,1.141,5.364,788.515
08-07-2019 0.00,889,1.135,5.674,935.883
08-07-2019 1.00,890,1.13,5.908,1055.437
08-07-2019 2.00,891,1.127,6.069,1142.405
08-07-2019 3.00,892,1.124,6.253,1246.615
08-07-2019 4.00,893,1.122,6.024,1119.911
08-07-2019 5.00,894,1.121,5.018,639.693
08-07-2019 6.00,895,1.12,3.853,255.825
08-07-2019 7.00,896,1.12,3.718,224.556
08-07-2019 8.00,897,1.121,3.818,246.885
08-07-2019 9.00,898,1.123,3.66,209.071
08-07-2019 10.00,899,1.125,2.856,67.499
08-07-2019 11.00,900,1.129,2.763,56.705
08-07-2019 12.00,901,1.132,3.78,237.406
08-07-2019 13.00,902,1.135,4.336,393.59
08-07-2019 14.00,903,1.137,4.317,387.547
08-07-2019 15.00,904,1.139,4.069,313.548
08-07-2019 16.00,905,1.142,3.734,226.276
08-07-2019 17.00,906,1.144,3.392,152.188
08-07-2019 18.00,907,1.146,3.563,187.372
08-07-2019 19.00,908,1.148,4.143,337.417
08-07-2019 20.00,909,1.15,4.737,530.836
08-07-2019 21.00,910,1.149,5.289,758.844
08-07-2019 22.00,911,1.145,5.742,969.942
08-07-2019 23.00,912,1.136,6.041,1127.34
09-07-2019 0.00,913,1.13,6.063,1138.967
09-07-2019 1.00,914,1.127,5.796,1002.2
09-07-2019 2.00,915,1.124,5.489,846.27
09-07-2019 3.00,916,1.121,5.333,774.211
09-07-2019 4.00,917,1.119,4.984,625.98
09-07-2019 5.00,918,1.118,3.173,112.775
09-07-2019 6.00,919,1.117,1.761,3.185
09-07-2019 7.00,920,1.117,1.999,7.861
09-07-2019 8.00,921,1.118,2.603,40.962
09-07-2019 9.00,922,1.12,3.355,145.127
09-07-2019 10.00,923,1.123,4.103,323.313
09-07-2019 11.00,924,1.126,4.63,495.371
09-07-2019 12.00,925,1.13,5.007,635.16
09-07-2019 13.00,926,1.133,5.263,743.423
09-07-2019 14.00,927,1.137,5.343,779.14
09-07-2019 15.00,928,1.14,5.32,772.616
09-07-2019 16.00,929,1.143,5.305,766.007
09-07-2019 17.00,930,1.146,5.852,1026.369
09-07-2019 18.00,931,1.148,6.736,1540.743
09-07-2019 19.00,932,1.151,7.455,2006.092
09-07-2019 20.00,933,1.153,7.639,2137.991
09-07-2019 21.00,934,1.153,7.347,1937.251
09-07-2019 22.00,935,1.15,6.979,1689.503
09-07-2019 23.00,936,1.145,6.826,1595.051
10-07-2019 0.00,937,1.139,6.544,1416.519
10-07-2019 1.00,938,1.134,6.306,1276.001
10-07-2019 2.00,939,1.131,6.069,1142.365
10-07-2019 3.00,940,1.128,5.845,1022.272
10-07-2019 4.00,941,1.126,5.333,774.562
10-07-2019 5.00,942,1.125,4.596,480.168
10-07-2019 6.00,943,1.124,3.946,281.628
10-07-2019 7.00,944,1.124,3.792,240.448
10-07-2019 8.00,945,1.125,3.868,261.481
10-07-2019 9.00,946,1.128,4.08,316.817
10-07-2019 10.00,947,1.131,4.387,412.794
10-07-2019 11.00,948,1.135,4.593,478.969
10-07-2019 12.00,949,1.139,4.791,554.274
10-07-2019 13.00,950,1.143,5.016,638.87
10-07-2019 14.00,951,1.147,5.31,768.197
10-07-2019 15.00,952,1.151,5.637,917.319
10-07-2019 16.00,953,1.154,5.421,814.651
10-07-2019 17.00,954,1.156,4.771,543.695
10-07-2019 18.00,955,1.159,4.39,413.654
10-07-2019 19.00,956,1.161,5.716,958.545
10-07-2019 20.00,957,1.162,7.144,1804.167
10-07-2019 21.00,958,1.162,7.642,2140.483
10-07-2019 22.00,959,1.158,7.62,2124.466
10-07-2019 23.00,960,1.152,7.692,2167.524
11-07-2019 0.00,961,1.146,7.592,2101.14
11-07-2019 1.00,962,1.141,7.254,1872.605
11-07-2019 2.00,963,1.137,6.993,1703.129
11-07-2019 3.00,964,1.134,6.985,1697.169
11-07-2019 4.00,965,1.131,6.81,1581.785
11-07-2019 5.00,966,1.13,5.617,907.679
11-07-2019 6.00,967,1.129,4.277,377.215
11-07-2019 7.00,968,1.129,3.812,245.459
11-07-2019 8.00,969,1.129,3.902,270.218
11-07-2019 9.00,970,1.131,4.134,334.85
11-07-2019 10.00,971,1.134,4.536,462.512
11-07-2019 11.00,972,1.137,4.79,553.826
11-07-2019 12.00,973,1.14,4.895,590.512
11-07-2019 13.00,974,1.143,4.815,561.659
11-07-2019 14.00,975,1.145,4.592,478.548
11-07-2019 15.00,976,1.147,4.268,372.328
11-07-2019 16.00,977,1.149,3.942,279.547
11-07-2019 17.00,978,1.15,3.434,160.437
11-07-2019 18.00,979,1.152,3.688,215.58
11-07-2019 19.00,980,1.153,5.511,856.44
11-07-2019 20.00,981,1.154,6.743,1545.472
11-07-2019 21.00,982,1.154,6.981,1691.183
11-07-2019 22.00,983,1.15,6.972,1685.488
11-07-2019 23.00,984,1.143,6.833,1600.299
12-07-2019 0.00,985,1.138,6.61,1457.373
12-07-2019 1.00,986,1.134,6.433,1351.571
12-07-2019 2.00,987,1.13,6.355,1306.986
12-07-2019 3.00,988,1.128,6.251,1244.314
12-07-2019 4.00,989,1.125,5.662,929.669
12-07-2019 5.00,990,1.124,3.422,158.044
12-07-2019 6.00,991,1.123,2.377,24.07
12-07-2019 7.00,992,1.123,3.174,112.917
12-07-2019 8.00,993,1.124,3.078,97.789
12-07-2019 9.00,994,1.126,2.994,85.458
12-07-2019 10.00,995,1.128,3.019,89.085
12-07-2019 11.00,996,1.131,2.879,70.341
12-07-2019 12.00,997,1.134,2.553,37.323
12-07-2019 13.00,998,1.137,2.237,16.514
12-07-2019 14.00,999,1.14,1.94,6.391
12-07-2019 15.00,1000,1.142,1.826,4.204
12-07-2019 16.00,1001,1.144,1.901,5.534
12-07-2019 17.00,1002,1.146,2.548,36.916
12-07-2019 18.00,1003,1.148,4.186,347.484
12-07-2019 19.00,1004,1.15,6.09,1153.739
12-07-2019 20.00,1005,1.152,6.765,1556.1
12-07-2019 21.00,1006,1.152,6.407,1334.54
12-07-2019 22.00,1007,1.148,6.147,1185.551
12-07-2019 23.00,1008,1.142,5.965,1090.593
13-07-2019 0.00,1009,1.137,5.843,1021.665
13-07-2019 1.00,1010,1.133,5.638,918.037
13-07-2019 2.00,1011,1.13,5.55,879.89
13-07-2019 3.00,1012,1.128,5.605,901.951
13-07-2019 4.00,1013,1.127,5.143,691.332
13-07-2019 5.00,1014,1.126,3.689,215.773
13-07-2019 6.00,1015,1.126,2.944,79.025
13-07-2019 7.00,1016,1.126,3.37,149.603
13-07-2019 8.00,1017,1.127,3.811,245.228
13-07-2019 9.00,1018,1.129,4.181,346.13
13-07-2019 10.00,1019,1.132,4.529,459.938
13-07-2019 11.00,1020,1.135,4.79,554.076
13-07-2019 12.00,1021,1.138,4.965,618.209
13-07-2019 13.00,1022,1.141,5.026,645.259
13-07-2019 14.00,1023,1.144,4.955,614.194
13-07-2019 15.00,1024,1.146,4.945,610.285
13-07-2019 16.00,1025,1.148,4.991,628.702
13-07-2019 17.00,1026,1.15,5.102,674.351
13-07-2019 18.00,1027,1.152,6.32,1283.562
13-07-2019 19.00,1028,1.154,7.441,2002.399
13-07-2019 20.00,1029,1.155,7.357,1941.694
13-07-2019 21.00,1030,1.154,6.91,1645.793
13-07-2019 22.00,1031,1.15,6.55,1420.434
13-07-2019 23.00,1032,1.145,6.293,1268.513
14-07-2019 0.00,1033,1.142,6.118,1169.018
14-07-2019 1.00,1034,1.138,6.068,1141.664
14-07-2019 2.00,1035,1.135,6.139,1180.886
14-07-2019 3.00,1036,1.132,6.142,1182.386
14-07-2019 4.00,1037,1.13,5.431,819.243
14-07-2019 5.00,1038,1.129,4.495,445.573
14-07-2019 6.00,1039,1.128,5.346,780.336
14-07-2019 7.00,1040,1.129,5.688,942.861
14-07-2019 8.00,1041,1.13,5.852,1025.953
14-07-2019 9.00,1042,1.132,5.891,1046.644
14-07-2019 10.00,1043,1.135,5.869,1035.135
14-07-2019 11.00,1044,1.138,5.958,1087.102
14-07-2019 12.00,1045,1.141,6.328,1293.131
14-07-2019 13.00,1046,1.144,6.705,1518.55
14-07-2019 14.00,1047,1.147,6.908,1644.113
14-07-2019 15.00,1048,1.149,6.762,1556.002
14-07-2019 16.00,1049,1.15,6.442,1359.978
14-07-2019 17.00,1050,1.152,6.046,1133.033
14-07-2019 18.00,1051,1.153,6.027,1122.925
14-07-2019 19.00,1052,1.155,6.432,1350.695
14-07-2019 20.00,1053,1.156,6.5,1390.134
14-07-2019 21.00,1054,1.155,6.471,1373.735
14-07-2019 22.00,1055,1.151,6.293,1268.426
14-07-2019 23.00,1056,1.145,6.275,1257.802
15-07-2019 0.00,1057,1.14,6.233,1239.087
15-07-2019 1.00,1058,1.136,6.218,1226.411
15-07-2019 2.00,1059,1.133,6.07,1142.783
15-07-2019 3.00,1060,1.131,5.984,1099.02
15-07-2019 4.00,1061,1.13,5.358,785.878
15-07-2019 5.00,1062,1.129,4.672,506.99
15-07-2019 6.00,1063,1.129,4.721,524.854
15-07-2019 7.00,1064,1.13,4.714,522.493
15-07-2019 8.00,1065,1.132,4.963,617.401
15-07-2019 9.00,1066,1.134,5.136,688.712
15-07-2019 10.00,1067,1.136,5.204,719.994
15-07-2019 11.00,1068,1.139,5.038,651.595
15-07-2019 12.00,1069,1.142,4.594,479.395
15-07-2019 13.00,1070,1.144,4.323,389.259
15-07-2019 14.00,1071,1.147,4.314,386.577
15-07-2019 15.00,1072,1.149,4.606,483.535
15-07-2019 16.00,1073,1.151,4.802,558.445
15-07-2019 17.00,1074,1.153,4.637,497.948
15-07-2019 18.00,1075,1.154,5.472,838.349
15-07-2019 19.00,1076,1.156,6.656,1485.025
15-07-2019 20.00,1077,1.157,6.949,1670.921
15-07-2019 21.00,1078,1.156,6.909,1644.636
15-07-2019 22.00,1079,1.153,6.482,1384.767
15-07-2019 23.00,1080,1.147,6.104,1164.584
16-07-2019 0.00,1081,1.143,5.838,1018.791
16-07-2019 1.00,1082,1.139,5.706,956.109
16-07-2019 2.00,1083,1.136,5.645,921.345
16-07-2019 3.00,1084,1.134,5.503,852.584
16-07-2019 4.00,1085,1.132,5.095,671.361
16-07-2019 5.00,1086,1.131,4.06,311.138
16-07-2019 6.00,1087,1.13,3.422,157.972
16-07-2019 7.00,1088,1.13,3.505,175.898
16-07-2019 8.00,1089,1.131,4.322,389.019
16-07-2019 9.00,1090,1.133,5.136,688.414
16-07-2019 10.00,1091,1.135,5.905,1053.974
16-07-2019 11.00,1092,1.138,6.662,1490.631
16-07-2019 12.00,1093,1.14,7.048,1734.424
16-07-2019 13.00,1094,1.143,7.203,1836.766
16-07-2019 14.00,1095,1.145,7.153,1808.021
16-07-2019 15.00,1096,1.147,6.72,1525.413
16-07-2019 16.00,1097,1.149,6.153,1188.971
16-07-2019 17.00,1098,1.151,6.178,1203.775
16-07-2019 18.00,1099,1.152,6.663,1491.61
16-07-2019 19.00,1100,1.154,7.011,1716.074
16-07-2019 20.00,1101,1.155,7.029,1722.262
16-07-2019 21.00,1102,1.154,7.074,1754.66
16-07-2019 22.00,1103,1.151,7.06,1742.672
16-07-2019 23.00,1104,1.147,6.752,1550.805
17-07-2019 0.00,1105,1.143,6.441,1359.938
17-07-2019 1.00,1106,1.139,6.599,1455.818
17-07-2019 2.00,1107,1.136,6.58,1444.332
17-07-2019 3.00,1108,1.133,6.434,1353.517
17-07-2019 4.00,1109,1.13,6.265,1254.85
17-07-2019 5.00,1110,1.129,5.696,949.851
17-07-2019 6.00,1111,1.128,5.259,741.537
17-07-2019 7.00,1112,1.128,4.574,472.449
17-07-2019 8.00,1113,1.129,5.272,747.741
17-07-2019 9.00,1114,1.13,6.016,1115.314
17-07-2019 10.00,1115,1.132,6.335,1295.294
17-07-2019 11.00,1116,1.135,6.442,1359.994
17-07-2019 12.00,1117,1.137,6.52,1402.205
17-07-2019 13.00,1118,1.139,6.522,1403.415
17-07-2019 14.00,1119,1.141,6.483,1385.603
17-07-2019 15.00,1120,1.143,6.186,1210.404
17-07-2019 16.00,1121,1.145,5.413,810.667
17-07-2019 17.00,1122,1.147,5.218,723.564
17-07-2019 18.00,1123,1.148,5.231,729.105
17-07-2019 19.00,1124,1.15,5.722,959.426
17-07-2019 20.00,1125,1.151,5.808,1004.353
17-07-2019 21.00,1126,1.15,5.58,894.179
17-07-2019 22.00,1127,1.146,5.292,760.364
17-07-2019 23.00,1128,1.14,4.912,597.301
18-07-2019 0.00,1129,1.135,4.434,425.038
18-07-2019 1.00,1130,1.131,4.019,299.686
18-07-2019 2.00,1131,1.127,3.83,249.835
18-07-2019 3.00,1132,1.124,3.738,227.331
18-07-2019 4.00,1133,1.121,3.371,149.631
18-07-2019 5.00,1134,1.12,2.404,25.766
18-07-2019 6.00,1135,1.119,3.069,96.397
18-07-2019 7.00,1136,1.119,3.413,156.363
18-07-2019 8.00,1137,1.119,3.682,214.087
18-07-2019 9.00,1138,1.121,4.009,296.99
18-07-2019 10.00,1139,1.123,4.367,405.339
18-07-2019 11.00,1140,1.125,4.96,616.481
18-07-2019 12.00,1141,1.128,5.616,907.366
18-07-2019 13.00,1142,1.131,6.021,1116.216
18-07-2019 14.00,1143,1.134,5.933,1068.934
18-07-2019 15.00,1144,1.137,5.303,765.322
18-07-2019 16.00,1145,1.14,4.701,517.404
18-07-2019 17.00,1146,1.143,4.358,400.468
18-07-2019 18.00,1147,1.145,3.917,272.362
18-07-2019 19.00,1148,1.148,3.599,195.262
18-07-2019 20.00,1149,1.15,3.386,151.059
18-07-2019 21.00,1150,1.148,3.49,173.725
18-07-2019 22.00,1151,1.143,3.753,230.886
18-07-2019 23.00,1152,1.135,3.789,239.747
19-07-2019 0.00,1153,1.129,3.469,169.305
19-07-2019 1.00,1154,1.125,2.778,59.025
19-07-2019 2.00,1155,1.121,1.952,6.847
19-07-2019 3.00,1156,1.118,1.395,0.554
19-07-2019 4.00,1157,1.117,1.228,0.187
19-07-2019 5.00,1158,1.115,1.36,0.431
19-07-2019 6.00,1159,1.115,2.302,20.208
19-07-2019 7.00,1160,1.116,2.611,41.663
19-07-2019 8.00,1161,1.117,2.958,81.729
19-07-2019 9.00,1162,1.119,3.217,121.678
19-07-2019 10.00,1163,1.121,3.104,101.855
19-07-2019 11.00,1164,1.125,2.76,56.442
19-07-2019 12.00,1165,1.128,2.722,53.235
19-07-2019 13.00,1166,1.131,2.61,41.595
19-07-2019 14.00,1167,1.133,2.468,30.756
19-07-2019 15.00,1168,1.135,2.446,28.895
19-07-2019 16.00,1169,1.137,2.615,42.044
19-07-2019 17.00,1170,1.139,2.519,33.952
19-07-2019 18.00,1171,1.141,1.968,7.09
19-07-2019 19.00,1172,1.142,2.177,13.878
19-07-2019 20.00,1173,1.143,3.174,113.03
19-07-2019 21.00,1174,1.143,4.53,460.527
19-07-2019 22.00,1175,1.139,5.792,1000.034
19-07-2019 23.00,1176,1.132,6.727,1533.392
20-07-2019 0.00,1177,1.127,7.168,1818.25
20-07-2019 1.00,1178,1.122,7.462,2010.988
20-07-2019 2.00,1179,1.119,7.617,2120.953
20-07-2019 3.00,1180,1.117,7.559,2077.058
20-07-2019 4.00,1181,1.115,7.118,1786.078
20-07-2019 5.00,1182,1.115,5.192,712.997
20-07-2019 6.00,1183,1.115,4.306,384.112
20-07-2019 7.00,1184,1.115,5.626,912.112
20-07-2019 8.00,1185,1.116,6.164,1197.224
20-07-2019 9.00,1186,1.118,6.52,1401.919
20-07-2019 10.00,1187,1.121,6.616,1463.797
20-07-2019 11.00,1188,1.124,6.64,1475.263
20-07-2019 12.00,1189,1.126,6.68,1500.021
20-07-2019 13.00,1190,1.129,6.582,1444.407
20-07-2019 14.00,1191,1.13,6.253,1247.296
20-07-2019 15.00,1192,1.132,5.834,1016.861
20-07-2019 16.00,1193,1.133,5.171,703.194
20-07-2019 17.00,1194,1.135,5.324,772.885
20-07-2019 18.00,1195,1.136,7.078,1758.847
20-07-2019 19.00,1196,1.137,8.422,2674.313
20-07-2019 20.00,1197,1.137,9.197,3177.155
20-07-2019 21.00,1198,1.137,9.804,3531.433
20-07-2019 22.00,1199,1.134,9.905,3589.265
20-07-2019 23.00,1200,1.13,9.292,3234.001
21-07-2019 0.00,1201,1.126,8.817,2932.28
21-07-2019 1.00,1202,1.122,8.128,2469.268
21-07-2019 2.00,1203,1.119,7.822,2258.721
21-07-2019 3.00,1204,1.117,7.461,2010.19
21-07-2019 4.00,1205,1.116,7.186,1829.202
21-07-2019 5.00,1206,1.116,6.301,1272.635
21-07-2019 6.00,1207,1.116,5.825,1011.939
21-07-2019 7.00,1208,1.117,6.335,1295.299
21-07-2019 8.00,1209,1.119,7.056,1739.694
21-07-2019 9.00,1210,1.121,7.58,2097.731
21-07-2019 10.00,1211,1.124,7.897,2313.7
21-07-2019 11.00,1212,1.126,8.036,2407.304
21-07-2019 12.00,1213,1.128,7.912,2320.26
21-07-2019 13.00,1214,1.13,7.611,2113.063
21-07-2019 14.00,1215,1.131,6.878,1625.929
21-07-2019 15.00,1216,1.132,5.705,955.919
21-07-2019 16.00,1217,1.133,4.799,557.424
21-07-2019 17.00,1218,1.134,4.689,513.25
21-07-2019 18.00,1219,1.135,5.567,888.05
21-07-2019 19.00,1220,1.136,5.85,1025.169
21-07-2019 20.00,1221,1.138,5.725,961.169
21-07-2019 21.00,1222,1.138,5.802,1004.165
21-07-2019 22.00,1223,1.137,5.84,1019.963
21-07-2019 23.00,1224,1.134,5.893,1047.524
22-07-2019 0.00,1225,1.131,5.776,989.393
22-07-2019 1.00,1226,1.129,5.608,903.413
22-07-2019 2.00,1227,1.126,5.338,776.779
22-07-2019 3.00,1228,1.124,5.049,656.299
22-07-2019 4.00,1229,1.122,4.523,456.156
22-07-2019 5.00,1230,1.12,3.344,142.914
22-07-2019 6.00,1231,1.119,2.28,19.032
22-07-2019 7.00,1232,1.119,2.165,13.362
22-07-2019 8.00,1233,1.119,2.233,16.34
22-07-2019 9.00,1234,1.121,3.735,226.602
22-07-2019 10.00,1235,1.123,5.707,956.835
22-07-2019 11.00,1236,1.126,7.315,1911.396
22-07-2019 12.00,1237,1.129,8.099,2453.621
22-07-2019 13.00,1238,1.132,8.292,2581.924
22-07-2019 14.00,1239,1.134,8.111,2457.281
22-07-2019 15.00,1240,1.136,7.696,2170.21
22-07-2019 16.00,1241,1.138,6.729,1535.616
22-07-2019 17.00,1242,1.14,5.77,984.301
22-07-2019 18.00,1243,1.141,5.738,967.552
22-07-2019 19.00,1244,1.143,5.795,1001.542
22-07-2019 20.00,1245,1.145,5.161,699.168
22-07-2019 21.00,1246,1.144,4.593,478.927
22-07-2019 22.00,1247,1.14,4.41,420.186
22-07-2019 23.00,1248,1.134,5.279,754.106
23-07-2019 0.00,1249,1.128,6.328,1292.507
23-07-2019 1.00,1250,1.124,6.344,1300.211
23-07-2019 2.00,1251,1.122,5.707,956.892
23-07-2019 3.00,1252,1.121,5.302,764.911
23-07-2019 4.00,1253,1.12,5.308,767.228
23-07-2019 5.00,1254,1.12,3.207,120.052
23-07-2019 6.00,1255,1.121,2.595,40.231
23-07-2019 7.00,1256,1.122,3.293,133.55
23-07-2019 8.00,1257,1.124,4.142,337.156
23-07-2019 9.00,1258,1.127,4.659,505.715
23-07-2019 10.00,1259,1.13,5.391,800.777
23-07-2019 11.00,1260,1.134,5.847,1023.56
23-07-2019 12.00,1261,1.137,6.786,1566.575
23-07-2019 13.00,1262,1.139,7.718,2185.365
23-07-2019 14.00,1263,1.141,7.293,1896.915
23-07-2019 15.00,1264,1.143,5.961,1088.93
23-07-2019 16.00,1265,1.144,5.356,784.915
23-07-2019 17.00,1266,1.145,5.377,794.392
23-07-2019 18.00,1267,1.146,5.472,838.44
23-07-2019 19.00,1268,1.146,5.634,915.879
23-07-2019 20.00,1269,1.147,5.454,834.226
23-07-2019 21.00,1270,1.147,5.551,880.1
23-07-2019 22.00,1271,1.144,5.731,964.321
23-07-2019 23.00,1272,1.14,5.857,1028.988
24-07-2019 0.00,1273,1.136,5.974,1095.809
24-07-2019 1.00,1274,1.133,5.99,1099.211
24-07-2019 2.00,1275,1.131,6.063,1138.962
24-07-2019 3.00,1276,1.13,5.995,1101.81
24-07-2019 4.00,1277,1.129,6.159,1191.984
24-07-2019 5.00,1278,1.129,5.599,898.962
24-07-2019 6.00,1279,1.129,4.789,553.413
24-07-2019 7.00,1280,1.13,4.668,506.31
24-07-2019 8.00,1281,1.133,4.88,588.387
24-07-2019 9.00,1282,1.135,4.525,457.176
24-07-2019 10.00,1283,1.139,3.911,270.807
24-07-2019 11.00,1284,1.142,4.155,339.717
24-07-2019 12.00,1285,1.145,5.165,700.686
24-07-2019 13.00,1286,1.148,6.292,1267.671
24-07-2019 14.00,1287,1.15,6.771,1556.761
24-07-2019 15.00,1288,1.151,6.572,1435.319
24-07-2019 16.00,1289,1.153,5.818,1008.589
24-07-2019 17.00,1290,1.154,5.18,707.296
24-07-2019 18.00,1291,1.155,5.627,912.422
24-07-2019 19.00,1292,1.156,6.158,1191.248
24-07-2019 20.00,1293,1.157,6.147,1185.249
24-07-2019 21.00,1294,1.156,5.976,1097.002
24-07-2019 22.00,1295,1.154,5.44,823.218
24-07-2019 23.00,1296,1.151,4.944,610.001
25-07-2019 0.00,1297,1.147,3.965,287.437
25-07-2019 1.00,1298,1.143,2.449,29.315
25-07-2019 2.00,1299,1.14,3.323,139.131
25-07-2019 3.00,1300,1.137,4.637,497.784
25-07-2019 4.00,1301,1.135,5.044,654.158
25-07-2019 5.00,1302,1.134,4.525,457.25
25-07-2019 6.00,1303,1.133,4.256,368.716
25-07-2019 7.00,1304,1.134,4.756,537.732
25-07-2019 8.00,1305,1.136,5.294,761.196
25-07-2019 9.00,1306,1.138,5.664,930.799
25-07-2019 10.00,1307,1.14,5.909,1056.282
25-07-2019 11.00,1308,1.143,5.876,1038.884
25-07-2019 12.00,1309,1.146,5.618,908.353
25-07-2019 13.00,1310,1.148,5.406,807.64
25-07-2019 14.00,1311,1.15,5.344,779.188
25-07-2019 15.00,1312,1.151,5.056,659.139
25-07-2019 16.00,1313,1.153,4.465,435.494
25-07-2019 17.00,1314,1.155,3.632,204.568
25-07-2019 18.00,1315,1.156,3.713,223.525
25-07-2019 19.00,1316,1.157,3.291,133.248
25-07-2019 20.00,1317,1.158,2.546,36.801
25-07-2019 21.00,1318,1.158,1.659,2.113
25-07-2019 22.00,1319,1.155,0.927,0.013
25-07-2019 23.00,1320,1.151,1.344,0.396
26-07-2019 0.00,1321,1.147,1.909,5.698
26-07-2019 1.00,1322,1.143,1.95,6.792
26-07-2019 2.00,1323,1.139,1.686,2.309
26-07-2019 3.00,1324,1.136,2.312,20.73
26-07-2019 4.00,1325,1.134,3.745,229.053
26-07-2019 5.00,1326,1.133,3.581,191.323
26-07-2019 6.00,1327,1.132,3.07,96.585
26-07-2019 7.00,1328,1.132,2.942,78.577
26-07-2019 8.00,1329,1.134,3.204,119.442
26-07-2019 9.00,1330,1.135,3.519,177.822
26-07-2019 10.00,1331,1.138,3.514,176.77
26-07-2019 11.00,1332,1.14,3.226,123.291
26-07-2019 12.00,1333,1.143,2.84,65.471
26-07-2019 13.00,1334,1.145,2.562,38.121
26-07-2019 14.00,1335,1.147,2.094,10.899
26-07-2019 15.00,1336,1.148,2.245,16.916
26-07-2019 16.00,1337,1.15,2.857,67.523
26-07-2019 17.00,1338,1.151,3.533,180.849
26-07-2019 18.00,1339,1.153,4.392,414.43
26-07-2019 19.00,1340,1.155,5.076,664.979
26-07-2019 20.00,1341,1.156,5.149,694.033
26-07-2019 21.00,1342,1.156,5.099,673.027
26-07-2019 22.00,1343,1.152,5.087,667.994
26-07-2019 23.00,1344,1.145,5.152,695.517
27-07-2019 0.00,1345,1.14,5.099,673.035
27-07-2019 1.00,1346,1.135,4.71,520.761
27-07-2019 2.00,1347,1.13,4.003,295.346
27-07-2019 3.00,1348,1.127,3.327,139.877
27-07-2019 4.00,1349,1.124,2.779,59.39
27-07-2019 5.00,1350,1.122,2.378,24.136
27-07-2019 6.00,1351,1.12,3.24,125.688
27-07-2019 7.00,1352,1.12,3.341,142.396
27-07-2019 8.00,1353,1.121,2.862,68.149
27-07-2019 9.00,1354,1.122,2.459,30.06
27-07-2019 10.00,1355,1.124,2.298,20.005
27-07-2019 11.00,1356,1.127,2.097,10.922
27-07-2019 12.00,1357,1.13,2.009,8.109
27-07-2019 13.00,1358,1.133,1.853,4.61
27-07-2019 14.00,1359,1.135,1.832,4.255
27-07-2019 15.00,1360,1.137,1.65,2.028
27-07-2019 16.00,1361,1.139,1.764,3.231
27-07-2019 17.00,1362,1.141,1.957,6.961
27-07-2019 18.00,1363,1.143,1.821,4.181
27-07-2019 19.00,1364,1.144,3.264,128.381
27-07-2019 20.00,1365,1.145,4.776,547.25
27-07-2019 21.00,1366,1.144,5.47,837.459
27-07-2019 22.00,1367,1.141,6.018,1115.358
27-07-2019 23.00,1368,1.136,6.382,1319.945
28-07-2019 0.00,1369,1.13,6.774,1558.535
28-07-2019 1.00,1370,1.125,7.02,1716.315
28-07-2019 2.00,1371,1.12,6.749,1549.232
28-07-2019 3.00,1372,1.116,6.413,1340.175
28-07-2019 4.00,1373,1.114,6.339,1295.448
28-07-2019 5.00,1374,1.111,5.984,1099.016
28-07-2019 6.00,1375,1.11,5.438,822.315
28-07-2019 7.00,1376,1.11,5.637,917.577
28-07-2019 8.00,1377,1.11,6.055,1137.07
28-07-2019 9.00,1378,1.112,6.781,1563.151
28-07-2019 10.00,1379,1.115,7.654,2148.553
28-07-2019 11.00,1380,1.118,8.107,2455.5
28-07-2019 12.00,1381,1.12,8.28,2578.941
28-07-2019 13.00,1382,1.123,7.897,2313.287
28-07-2019 14.00,1383,1.125,7.396,1972.545
28-07-2019 15.00,1384,1.126,7.172,1821.244
28-07-2019 16.00,1385,1.127,7.022,1717.362
28-07-2019 17.00,1386,1.128,6.901,1639.537
28-07-2019 18.00,1387,1.129,6.823,1592.077
28-07-2019 19.00,1388,1.13,7.056,1739.488
28-07-2019 20.00,1389,1.132,7.137,1797.187
28-07-2019 21.00,1390,1.132,7.876,2297.059
28-07-2019 22.00,1391,1.129,7.542,2065.389
28-07-2019 23.00,1392,1.125,6.841,1602.279
29-07-2019 0.00,1393,1.121,7.251,1869.864
29-07-2019 1.00,1394,1.117,7.123,1788.211
29-07-2019 2.00,1395,1.115,6.888,1635.693
29-07-2019 3.00,1396,1.113,7.022,1717.745
29-07-2019 4.00,1397,1.112,6.859,1613.192
29-07-2019 5.00,1398,1.111,6.112,1165.8
29-07-2019 6.00,1399,1.111,6.81,1581.467
29-07-2019 7.00,1400,1.112,7.199,1834.711
29-07-2019 8.00,1401,1.114,7.592,2100.792
29-07-2019 9.00,1402,1.116,8.248,2551.616
29-07-2019 10.00,1403,1.117,8.635,2812.532
29-07-2019 11.00,1404,1.12,8.02,2393.574
29-07-2019 12.00,1405,1.121,7.526,2058.109
29-07-2019 13.00,1406,1.123,7.027,1720.902
29-07-2019 14.00,1407,1.125,6.158,1191.61
29-07-2019 15.00,1408,1.126,5.302,764.724
29-07-2019 16.00,1409,1.127,5.017,639.161
29-07-2019 17.00,1410,1.128,5.373,792.473
29-07-2019 18.00,1411,1.128,4.671,506.63
29-07-2019 19.00,1412,1.129,3.881,265.227
29-07-2019 20.00,1413,1.13,4.395,415.455
29-07-2019 21.00,1414,1.131,5.438,822.449
29-07-2019 22.00,1415,1.131,6.919,1657.02
29-07-2019 23.00,1416,1.128,6.289,1266.157
30-07-2019 0.00,1417,1.125,2.402,25.638
30-07-2019 1.00,1418,1.123,4.629,494.98
30-07-2019 2.00,1419,1.121,7.144,1804.285
30-07-2019 3.00,1420,1.118,8.226,2535.372
30-07-2019 4.00,1421,1.116,7.714,2182.746
30-07-2019 5.00,1422,1.115,7.116,1783.161
30-07-2019 6.00,1423,1.114,6.546,1417.601
30-07-2019 7.00,1424,1.114,7.049,1735.005
30-07-2019 8.00,1425,1.116,8.127,2469.261
30-07-2019 9.00,1426,1.118,8.723,2870.792
30-07-2019 10.00,1427,1.12,8.532,2748.637
30-07-2019 11.00,1428,1.123,8.324,2609.231
30-07-2019 12.00,1429,1.126,7.949,2344.342
30-07-2019 13.00,1430,1.128,7.663,2154.614
30-07-2019 14.00,1431,1.13,7.499,2036.533
30-07-2019 15.00,1432,1.132,6.844,1605.536
30-07-2019 16.00,1433,1.134,6.529,1407.649
30-07-2019 17.00,1434,1.135,6.73,1537.066
30-07-2019 18.00,1435,1.137,7.333,1928.151
30-07-2019 19.00,1436,1.138,7.197,1834.637
30-07-2019 20.00,1437,1.139,6.548,1418.994
30-07-2019 21.00,1438,1.139,6.099,1163.568
30-07-2019 22.00,1439,1.136,4.895,590.555
30-07-2019 23.00,1440,1.132,3.474,170.347
31-07-2019 0.00,1441,1.127,4.086,318.342
31-07-2019 1.00,1442,1.123,4.989,627.884
31-07-2019 2.00,1443,1.119,5.618,908.327
31-07-2019 3.00,1444,1.116,6.031,1126.003
31-07-2019 4.00,1445,1.114,5.999,1104.151
31-07-2019 5.00,1446,1.112,5.24,733.409
31-07-2019 6.00,1447,1.112,5.757,977.44
31-07-2019 7.00,1448,1.112,5.983,1098.981
31-07-2019 8.00,1449,1.113,5.53,869.845
31-07-2019 9.00,1450,1.116,5.754,975.782
31-07-2019 10.00,1451,1.119,6.074,1146.744
31-07-2019 11.00,1452,1.123,6.359,1307.11
31-07-2019 12.00,1453,1.126,6.874,1625.811
31-07-2019 13.00,1454,1.13,7.473,2017.92
31-07-2019 14.00,1455,1.133,7.741,2207.467
31-07-2019 15.00,1456,1.135,7.181,1822.363
31-07-2019 16.00,1457,1.138,6.868,1622.588
31-07-2019 17.00,1458,1.14,6.232,1238.847
31-07-2019 18.00,1459,1.142,6.141,1181.771
31-07-2019 19.00,1460,1.144,6.778,1561.231
31-07-2019 20.00,1461,1.146,7.248,1867.972
31-07-2019 21.00,1462,1.146,6.94,1670.664
31-07-2019 22.00,1463,1.143,6.768,1556.171
31-07-2019 23.00,1464,1.138,6.65,1481.548
01-08-2019 0.00,1465,1.134,6.321,1284.439
01-08-2019 1.00,1466,1.13,6.064,1139.504
01-08-2019 2.00,1467,1.127,5.961,1088.468
01-08-2019 3.00,1468,1.125,5.974,1095.578
01-08-2019 4.00,1469,1.123,5.787,997.363
01-08-2019 5.00,1470,1.122,4.564,469.122
01-08-2019 6.00,1471,1.122,4.845,571.404
01-08-2019 7.00,1472,1.122,5.522,862.434
01-08-2019 8.00,1473,1.124,6.576,1439.655
01-08-2019 9.00,1474,1.126,7.554,2073.067
01-08-2019 10.00,1475,1.13,8.049,2419.518
01-08-2019 11.00,1476,1.134,8.433,2678.699
01-08-2019 12.00,1477,1.138,8.707,2865.399
01-08-2019 13.00,1478,1.141,8.832,2947.711
01-08-2019 14.00,1479,1.144,8.731,2876.782
01-08-2019 15.00,1480,1.147,7.848,2280.349
01-08-2019 16.00,1481,1.149,6.895,1638.638
01-08-2019 17.00,1482,1.152,6.474,1377.193
01-08-2019 18.00,1483,1.154,6.396,1328.377
01-08-2019 19.00,1484,1.156,6.425,1348.189
01-08-2019 20.00,1485,1.158,6.381,1319.476
01-08-2019 21.00,1486,1.158,6.042,1128.388
01-08-2019 22.00,1487,1.154,5.584,894.306
01-08-2019 23.00,1488,1.148,5.183,708.473
02-08-2019 0.00,1489,1.141,4.852,574.138
02-08-2019 1.00,1490,1.136,4.575,472.684
02-08-2019 2.00,1491,1.131,4.39,413.832
02-08-2019 3.00,1492,1.128,4.402,417.804
02-08-2019 4.00,1493,1.126,4.446,429.226
02-08-2019 5.00,1494,1.124,3.335,141.281
02-08-2019 6.00,1495,1.123,2.691,49.257
02-08-2019 7.00,1496,1.123,4.441,427.295
02-08-2019 8.00,1497,1.124,4.884,588.552
02-08-2019 9.00,1498,1.126,4.867,582.007
02-08-2019 10.00,1499,1.129,5.038,651.57
02-08-2019 11.00,1500,1.132,5.301,764.264
02-08-2019 12.00,1501,1.135,5.402,805.647
02-08-2019 13.00,1502,1.139,5.411,809.879
02-08-2019 14.00,1503,1.142,5.372,792.25
02-08-2019 15.00,1504,1.144,4.793,554.987
02-08-2019 16.00,1505,1.146,4.124,331.915
02-08-2019 17.00,1506,1.148,3.812,245.289
02-08-2019 18.00,1507,1.15,3.271,129.607
02-08-2019 19.00,1508,1.152,2.958,81.675
02-08-2019 20.00,1509,1.153,3.123,105.711
02-08-2019 21.00,1510,1.153,3.491,173.857
02-08-2019 22.00,1511,1.151,3.898,269.545
02-08-2019 23.00,1512,1.144,4.243,364.579
03-08-2019 0.00,1513,1.138,4.386,412.365
03-08-2019 1.00,1514,1.133,4.249,366.373
03-08-2019 2.00,1515,1.129,4.155,339.72
03-08-2019 3.00,1516,1.126,4.385,412.22
03-08-2019 4.00,1517,1.124,4.985,626.422
03-08-2019 5.00,1518,1.123,4.519,453.473
03-08-2019 6.00,1519,1.123,3.118,105.009
03-08-2019 7.00,1520,1.124,3.31,136.74
03-08-2019 8.00,1521,1.126,3.749,230.034
03-08-2019 9.00,1522,1.129,3.914,271.363
03-08-2019 10.00,1523,1.132,4.073,314.822
03-08-2019 11.00,1524,1.135,4.473,438.093
03-08-2019 12.00,1525,1.138,4.691,513.931
03-08-2019 13.00,1526,1.14,4.469,436.602
03-08-2019 14.00,1527,1.142,4.059,310.951
03-08-2019 15.00,1528,1.144,4.178,345.121
03-08-2019 16.00,1529,1.146,5.019,640.105
03-08-2019 17.00,1530,1.147,6.079,1152.79
03-08-2019 18.00,1531,1.149,6.304,1274.811
03-08-2019 19.00,1532,1.15,6.333,1295.23
03-08-2019 20.00,1533,1.151,6.061,1137.873
03-08-2019 21.00,1534,1.151,6.338,1295.394
03-08-2019 22.00,1535,1.148,6.017,1115.342
03-08-2019 23.00,1536,1.142,5.134,687.762
04-08-2019 0.00,1537,1.136,3.989,291.514
04-08-2019 1.00,1538,1.131,2.714,52.403
04-08-2019 2.00,1539,1.127,2.425,27.137
04-08-2019 3.00,1540,1.123,2.478,31.444
04-08-2019 4.00,1541,1.12,2.52,34.08
04-08-2019 5.00,1542,1.118,2.174,13.743
04-08-2019 6.00,1543,1.117,1.773,3.353
04-08-2019 7.00,1544,1.117,2.053,9.633
04-08-2019 8.00,1545,1.117,2.377,24.096
04-08-2019 9.00,1546,1.119,3.191,116.103
04-08-2019 10.00,1547,1.122,3.979,289.016
04-08-2019 11.00,1548,1.126,4.283,379.701
04-08-2019 12.00,1549,1.13,4.664,506.194
04-08-2019 13.00,1550,1.133,5.155,696.479
04-08-2019 14.00,1551,1.137,5.462,837.035
04-08-2019 15.00,1552,1.14,5.38,795.553
04-08-2019 16.00,1553,1.142,4.629,495.078
04-08-2019 17.00,1554,1.145,4.572,471.717
04-08-2019 18.00,1555,1.147,5.275,750.776
04-08-2019 19.00,1556,1.149,6.186,1210.247
04-08-2019 20.00,1557,1.151,7.14,1801.278
04-08-2019 21.00,1558,1.151,7.844,2275.572
04-08-2019 22.00,1559,1.148,8.051,2421.029
04-08-2019 23.00,1560,1.142,7.896,2312.134
05-08-2019 0.00,1561,1.136,7.423,1988.89
05-08-2019 1.00,1562,1.132,7.166,1815.825
05-08-2019 2.00,1563,1.129,7.033,1724.752
05-08-2019 3.00,1564,1.126,6.969,1683.847
05-08-2019 4.00,1565,1.124,6.893,1638.585
05-08-2019 5.00,1566,1.123,6.314,1280.389
05-08-2019 6.00,1567,1.122,5.826,1012.903
05-08-2019 7.00,1568,1.123,6.065,1139.937
05-08-2019 8.00,1569,1.125,6.283,1262.594
05-08-2019 9.00,1570,1.127,6.413,1339.619
05-08-2019 10.00,1571,1.131,6.393,1326.416
05-08-2019 11.00,1572,1.135,6.328,1292.615
05-08-2019 12.00,1573,1.139,5.881,1041.469
05-08-2019 13.00,1574,1.142,4.956,614.566
05-08-2019 14.00,1575,1.146,4.317,387.474
05-08-2019 15.00,1576,1.148,3.711,223.07
05-08-2019 16.00,1577,1.151,3.739,227.525
05-08-2019 17.00,1578,1.153,3.522,178.549
05-08-2019 18.00,1579,1.155,3.453,166.002
05-08-2019 19.00,1580,1.157,3.741,228.082
05-08-2019 20.00,1581,1.159,3.865,259.809
05-08-2019 21.00,1582,1.159,3.54,182.351
05-08-2019 22.00,1583,1.157,2.84,65.529
05-08-2019 23.00,1584,1.154,2.262,17.723
06-08-2019 0.00,1585,1.15,2.319,21.143
06-08-2019 1.00,1586,1.146,2.872,69.442
06-08-2019 2.00,1587,1.143,3.684,214.458
06-08-2019 3.00,1588,1.141,4.812,561.589
06-08-2019 4.00,1589,1.14,5.541,875.489
06-08-2019 5.00,1590,1.139,5.46,836.984
06-08-2019 6.00,1591,1.139,5.305,766.262
06-08-2019 7.00,1592,1.14,4.102,322.944
06-08-2019 8.00,1593,1.142,3.473,170.114
06-08-2019 9.00,1594,1.143,3.112,103.359
06-08-2019 10.00,1595,1.146,2.426,27.207
06-08-2019 11.00,1596,1.148,2.008,8.089
06-08-2019 12.00,1597,1.15,1.796,3.787
06-08-2019 13.00,1598,1.152,1.458,0.756
06-08-2019 14.00,1599,1.153,1.23,0.19
06-08-2019 15.00,1600,1.154,1.148,0.109
06-08-2019 16.00,1601,1.155,1.473,0.818
06-08-2019 17.00,1602,1.156,2.734,54.145
06-08-2019 18.00,1603,1.157,4.677,508.725
06-08-2019 19.00,1604,1.158,5.808,1004.365
06-08-2019 20.00,1605,1.159,5.914,1058.7
06-08-2019 21.00,1606,1.159,5.825,1012.228
06-08-2019 22.00,1607,1.158,5.753,975.39
06-08-2019 23.00,1608,1.154,5.76,978.654
07-08-2019 0.00,1609,1.15,5.852,1025.914
07-08-2019 1.00,1610,1.146,6.017,1115.35
07-08-2019 2.00,1611,1.143,6.104,1164.575
07-08-2019 3.00,1612,1.14,6.318,1282.957
07-08-2019 4.00,1613,1.138,6.417,1344.7
07-08-2019 5.00,1614,1.137,6.35,1306.324
07-08-2019 6.00,1615,1.136,6.147,1185.074
07-08-2019 7.00,1616,1.137,6.506,1393.782
07-08-2019 8.00,1617,1.139,7.043,1731.593
07-08-2019 9.00,1618,1.141,7.149,1807.022
07-08-2019 10.00,1619,1.143,7.474,2019.098
07-08-2019 11.00,1620,1.146,7.305,1904.53
07-08-2019 12.00,1621,1.148,6.942,1670.718
07-08-2019 13.00,1622,1.15,6.563,1428.367
07-08-2019 14.00,1623,1.152,6.029,1124.664
07-08-2019 15.00,1624,1.154,6.064,1139.561
07-08-2019 16.00,1625,1.155,6.01,1114.942
07-08-2019 17.00,1626,1.157,6.201,1216.104
07-08-2019 18.00,1627,1.158,6.751,1550.059
07-08-2019 19.00,1628,1.16,7.064,1745.213
07-08-2019 20.00,1629,1.161,7.311,1908.848
07-08-2019 21.00,1630,1.162,7.5,2036.805
07-08-2019 22.00,1631,1.16,7.498,2036.52
07-08-2019 23.00,1632,1.157,7.357,1941.707
08-08-2019 0.00,1633,1.153,7.189,1832.892
08-08-2019 1.00,1634,1.149,7.311,1908.943
08-08-2019 2.00,1635,1.146,7.217,1846.09
08-08-2019 3.00,1636,1.144,7.141,1802.3
08-08-2019 4.00,1637,1.142,8,2380.056
08-08-2019 5.00,1638,1.141,6.977,1688.117
08-08-2019 6.00,1639,1.14,7.534,2063.667
08-08-2019 7.00,1640,1.141,7.258,1878.435
08-08-2019 8.00,1641,1.141,7.673,2159.42
08-08-2019 9.00,1642,1.143,8.096,2450.506
08-08-2019 10.00,1643,1.145,7.983,2369.816
08-08-2019 11.00,1644,1.146,7.867,2292.799
08-08-2019 12.00,1645,1.148,7.767,2221.325
08-08-2019 13.00,1646,1.149,7.792,2236.729
08-08-2019 14.00,1647,1.149,8.065,2424.394
08-08-2019 15.00,1648,1.15,8.4,2660.091
08-08-2019 16.00,1649,1.151,8.972,3032.913
08-08-2019 17.00,1650,1.152,9.46,3340.491
08-08-2019 18.00,1651,1.153,9.641,3440.693
08-08-2019 19.00,1652,1.154,9.687,3470.911
08-08-2019 20.00,1653,1.156,9.21,3183.181
08-08-2019 21.00,1654,1.157,8.31,2592.654
08-08-2019 22.00,1655,1.157,7.442,2002.415
08-08-2019 23.00,1656,1.156,6.615,1462.275
09-08-2019 0.00,1657,1.154,6.028,1123.878
09-08-2019 1.00,1658,1.151,5.981,1098.934
09-08-2019 2.00,1659,1.148,6.445,1360.086
09-08-2019 3.00,1660,1.146,6.248,1243.476
09-08-2019 4.00,1661,1.144,6.446,1360.114
09-08-2019 5.00,1662,1.144,6.115,1167.615
09-08-2019 6.00,1663,1.144,5.287,758.1
09-08-2019 7.00,1664,1.145,5.617,907.765
09-08-2019 8.00,1665,1.147,5.43,818.836
09-08-2019 9.00,1666,1.15,5.192,713.036
09-08-2019 10.00,1667,1.154,5.209,720.138
09-08-2019 11.00,1668,1.157,5.436,821.592
09-08-2019 12.00,1669,1.16,5.432,819.75
09-08-2019 13.00,1670,1.162,4.868,582.875
09-08-2019 14.00,1671,1.164,4.146,338.473
09-08-2019 15.00,1672,1.166,3.749,229.929
09-08-2019 16.00,1673,1.168,3.692,216.902
09-08-2019 17.00,1674,1.169,3.408,155.244
09-08-2019 18.00,1675,1.17,3.451,165.626
09-08-2019 19.00,1676,1.172,5.32,772.765
09-08-2019 20.00,1677,1.173,5.525,865.559
09-08-2019 21.00,1678,1.173,5.352,782.997
09-08-2019 22.00,1679,1.171,5.514,858.125
09-08-2019 23.00,1680,1.168,5.622,910.279
10-08-2019 0.00,1681,1.164,5.633,915.304
10-08-2019 1.00,1682,1.161,5.56,884.402
10-08-2019 2.00,1683,1.158,5.362,787.443
10-08-2019 3.00,1684,1.156,5.278,753.465
10-08-2019 4.00,1685,1.153,5.278,752.891
10-08-2019 5.00,1686,1.152,5.187,710.298
10-08-2019 6.00,1687,1.151,4.61,484.897
10-08-2019 7.00,1688,1.151,5.072,664.842
10-08-2019 8.00,1689,1.152,5.738,967.54
10-08-2019 9.00,1690,1.153,5.637,917.282
10-08-2019 10.00,1691,1.155,5.643,920.325
10-08-2019 11.00,1692,1.157,5.59,894.531
10-08-2019 12.00,1693,1.158,5.265,744.121
10-08-2019 13.00,1694,1.159,5.032,649.282
10-08-2019 14.00,1695,1.16,5.022,641.915
10-08-2019 15.00,1696,1.161,4.768,542.203
10-08-2019 16.00,1697,1.162,4.974,621.93
10-08-2019 17.00,1698,1.162,5.252,738.428
10-08-2019 18.00,1699,1.163,5.659,928.152
10-08-2019 19.00,1700,1.164,5.787,997.272
10-08-2019 20.00,1701,1.165,6.228,1235.274
10-08-2019 21.00,1702,1.165,6.458,1369.744
10-08-2019 22.00,1703,1.164,5.984,1099.02
10-08-2019 23.00,1704,1.161,5.469,837.253
11-08-2019 0.00,1705,1.158,5.115,679.789
11-08-2019 1.00,1706,1.155,5.377,794.158
11-08-2019 2.00,1707,1.152,5.394,802.23
11-08-2019 3.00,1708,1.149,5.24,733.32
11-08-2019 4.00,1709,1.147,4.92,600.635
11-08-2019 5.00,1710,1.145,3.932,276.186
11-08-2019 6.00,1711,1.145,2.486,31.701
11-08-2019 7.00,1712,1.145,1.69,2.355
11-08-2019 8.00,1713,1.145,1.465,0.783
11-08-2019 9.00,1714,1.147,1.753,3.09
11-08-2019 10.00,1715,1.149,2.153,12.913
11-08-2019 11.00,1716,1.151,2.496,32.183
11-08-2019 12.00,1717,1.153,2.643,44.599
11-08-2019 13.00,1718,1.155,2.812,62.195
11-08-2019 14.00,1719,1.157,3.025,89.892
11-08-2019 15.00,1720,1.158,3.057,94.572
11-08-2019 16.00,1721,1.159,2.722,53.247
11-08-2019 17.00,1722,1.16,2.098,10.931
11-08-2019 18.00,1723,1.162,1.674,2.187
11-08-2019 19.00,1724,1.163,1.413,0.603
11-08-2019 20.00,1725,1.164,1.247,0.21
11-08-2019 21.00,1726,1.165,1.417,0.607
11-08-2019 22.00,1727,1.162,1.788,3.659
11-08-2019 23.00,1728,1.156,2.077,10.439
12-08-2019 0.00,1729,1.15,2.236,16.452
12-08-2019 1.00,1730,1.146,2.468,30.746
12-08-2019 2.00,1731,1.142,2.846,66.24
12-08-2019 3.00,1732,1.139,3.184,114.571
12-08-2019 4.00,1733,1.136,3.79,240.013
12-08-2019 5.00,1734,1.135,3.868,261.541
12-08-2019 6.00,1735,1.134,2.949,80.461
12-08-2019 7.00,1736,1.134,3.04,92.08
12-08-2019 8.00,1737,1.135,3.153,109.553
12-08-2019 9.00,1738,1.137,3.042,92.35
12-08-2019 10.00,1739,1.139,3.061,95.238
12-08-2019 11.00,1740,1.143,3.014,88.34
12-08-2019 12.00,1741,1.146,2.774,58.385
12-08-2019 13.00,1742,1.149,2.642,44.519
12-08-2019 14.00,1743,1.152,2.878,70.153
12-08-2019 15.00,1744,1.155,3.319,138.373
12-08-2019 16.00,1745,1.157,3.559,186.542
12-08-2019 17.00,1746,1.159,4.093,320.513
12-08-2019 18.00,1747,1.16,5.207,720.076
12-08-2019 19.00,1748,1.162,6.021,1116.154
12-08-2019 20.00,1749,1.163,6.373,1318.625
12-08-2019 21.00,1750,1.163,6.106,1164.63
12-08-2019 22.00,1751,1.159,6.088,1153.655
12-08-2019 23.00,1752,1.152,6.13,1175.926
13-08-2019 0.00,1753,1.146,6.142,1182.729
13-08-2019 1.00,1754,1.141,6.046,1132.756
13-08-2019 2.00,1755,1.137,5.895,1048.816
13-08-2019 3.00,1756,1.135,5.911,1056.986
13-08-2019 4.00,1757,1.133,5.848,1023.877
13-08-2019 5.00,1758,1.132,5.408,808.371
13-08-2019 6.00,1759,1.131,6.051,1136.948
13-08-2019 7.00,1760,1.132,6.83,1600.199
13-08-2019 8.00,1761,1.134,6.705,1518.053
13-08-2019 9.00,1762,1.135,6.322,1286.556
13-08-2019 10.00,1763,1.137,5.883,1042.272
13-08-2019 11.00,1764,1.14,5.339,777.168
13-08-2019 12.00,1765,1.142,5.203,719.942
13-08-2019 13.00,1766,1.144,5.347,780.836
13-08-2019 14.00,1767,1.145,5.472,838.3
13-08-2019 15.00,1768,1.147,5.284,756.736
13-08-2019 16.00,1769,1.148,4.943,609.343
13-08-2019 17.00,1770,1.149,5.42,813.97
13-08-2019 18.00,1771,1.149,5.87,1035.303
13-08-2019 19.00,1772,1.15,5.875,1038.281
13-08-2019 20.00,1773,1.151,6.008,1113.355
13-08-2019 21.00,1774,1.151,6.034,1126.091
13-08-2019 22.00,1775,1.15,5.695,948.696
13-08-2019 23.00,1776,1.145,5.629,913.309
14-08-2019 0.00,1777,1.141,5.563,885.803
14-08-2019 1.00,1778,1.136,5.492,847.742
14-08-2019 2.00,1779,1.133,5.585,894.31
14-08-2019 3.00,1780,1.13,5.721,959.022
14-08-2019 4.00,1781,1.128,5.759,978.195
14-08-2019 5.00,1782,1.126,5.55,879.903
14-08-2019 6.00,1783,1.125,5.018,639.676
14-08-2019 7.00,1784,1.125,4.078,316.165
14-08-2019 8.00,1785,1.126,3.581,191.305
14-08-2019 9.00,1786,1.128,3.506,175.923
14-08-2019 10.00,1787,1.13,2.835,64.895
14-08-2019 11.00,1788,1.132,1.819,4.152
14-08-2019 12.00,1789,1.134,0.915,0.01
14-08-2019 13.00,1790,1.136,1.643,1.963
14-08-2019 14.00,1791,1.138,2.846,66.296
14-08-2019 15.00,1792,1.14,3.81,244.818
14-08-2019 16.00,1793,1.142,4.415,420.392
14-08-2019 17.00,1794,1.143,4.315,386.756
14-08-2019 18.00,1795,1.145,4.602,482.264
14-08-2019 19.00,1796,1.147,4.614,487.562
14-08-2019 20.00,1797,1.149,3.927,274.758
14-08-2019 21.00,1798,1.15,3.179,113.746
14-08-2019 22.00,1799,1.149,3.141,107.651
14-08-2019 23.00,1800,1.146,3.672,211.832
15-08-2019 0.00,1801,1.14,4.37,407.073
15-08-2019 1.00,1802,1.136,5.131,686.428
15-08-2019 2.00,1803,1.132,5.409,808.773
15-08-2019 3.00,1804,1.13,5.326,772.947
15-08-2019 4.00,1805,1.129,5.353,783.589
15-08-2019 5.00,1806,1.128,5.399,804.312
15-08-2019 6.00,1807,1.128,4.594,479.245
15-08-2019 7.00,1808,1.128,4.683,511.036
15-08-2019 8.00,1809,1.129,5.042,653.153
15-08-2019 9.00,1810,1.131,5.308,767.21
15-08-2019 10.00,1811,1.134,5.078,665.019
15-08-2019 11.00,1812,1.136,4.511,450.682
15-08-2019 12.00,1813,1.138,3.963,286.996
15-08-2019 13.00,1814,1.14,4.176,344.438
15-08-2019 14.00,1815,1.142,5.112,678.471
15-08-2019 15.00,1816,1.143,5.551,880.153
15-08-2019 16.00,1817,1.144,5.869,1035.165
15-08-2019 17.00,1818,1.145,6.394,1327.062
15-08-2019 18.00,1819,1.146,7.012,1716.093
15-08-2019 19.00,1820,1.147,6.982,1693.178
15-08-2019 20.00,1821,1.147,6.987,1699.725
15-08-2019 21.00,1822,1.148,6.795,1572.168
15-08-2019 22.00,1823,1.146,6.585,1444.482
15-08-2019 23.00,1824,1.143,6.293,1267.95
16-08-2019 0.00,1825,1.14,5.821,1010.245
16-08-2019 1.00,1826,1.137,5.89,1045.775
16-08-2019 2.00,1827,1.135,5.93,1067.089
16-08-2019 3.00,1828,1.132,5.883,1042.514
16-08-2019 4.00,1829,1.13,5.766,981.922
16-08-2019 5.00,1830,1.129,5.299,763.148
16-08-2019 6.00,1831,1.129,4.822,562.653
16-08-2019 7.00,1832,1.13,5.032,648.975
16-08-2019 8.00,1833,1.131,5.521,861.555
16-08-2019 9.00,1834,1.133,5.635,916.337
16-08-2019 10.00,1835,1.136,6.086,1153.577
16-08-2019 11.00,1836,1.138,6.577,1440.274
16-08-2019 12.00,1837,1.14,6.911,1646.311
16-08-2019 13.00,1838,1.142,7,1703.31
16-08-2019 14.00,1839,1.143,6.33,1295.089
16-08-2019 15.00,1840,1.145,5.466,837.161
16-08-2019 16.00,1841,1.146,4.958,615.603
16-08-2019 17.00,1842,1.147,4.684,511.516
16-08-2019 18.00,1843,1.147,5.175,705.262
16-08-2019 19.00,1844,1.148,5.486,844.889
16-08-2019 20.00,1845,1.15,5.417,812.495
16-08-2019 21.00,1846,1.15,5.35,782.137
16-08-2019 22.00,1847,1.149,5.079,665.053
16-08-2019 23.00,1848,1.146,4.799,557.378
17-08-2019 0.00,1849,1.144,4.675,508.254
17-08-2019 1.00,1850,1.141,4.634,496.929
17-08-2019 2.00,1851,1.138,4.428,423.002
17-08-2019 3.00,1852,1.135,4.155,339.724
17-08-2019 4.00,1853,1.133,4.246,365.597
17-08-2019 5.00,1854,1.133,3.515,177.02
17-08-2019 6.00,1855,1.133,2.465,30.48
17-08-2019 7.00,1856,1.134,2.366,23.422
17-08-2019 8.00,1857,1.135,2.266,17.891
17-08-2019 9.00,1858,1.138,2.194,14.722
17-08-2019 10.00,1859,1.141,2.165,13.379
17-08-2019 11.00,1860,1.145,2.076,10.389
17-08-2019 12.00,1861,1.147,1.983,7.42
17-08-2019 13.00,1862,1.149,1.891,5.336
17-08-2019 14.00,1863,1.151,1.852,4.592
17-08-2019 15.00,1864,1.153,2.277,18.726
17-08-2019 16.00,1865,1.154,2.51,33.234
17-08-2019 17.00,1866,1.156,2.929,76.688
17-08-2019 18.00,1867,1.157,3.46,167.41
17-08-2019 19.00,1868,1.159,3.672,211.732
17-08-2019 20.00,1869,1.16,3.787,239.19
17-08-2019 21.00,1870,1.161,3.756,231.597
17-08-2019 22.00,1871,1.161,3.842,253.01
17-08-2019 23.00,1872,1.159,4.148,339.125
18-08-2019 0.00,1873,1.156,4.448,429.854
18-08-2019 1.00,1874,1.154,4.569,470.786
18-08-2019 2.00,1875,1.152,4.802,558.642
18-08-2019 3.00,1876,1.15,4.99,628.383
18-08-2019 4.00,1877,1.148,5.233,730.255
18-08-2019 5.00,1878,1.148,5.715,958.506
18-08-2019 6.00,1879,1.148,5.777,990.574
18-08-2019 7.00,1880,1.149,6.478,1381.261
18-08-2019 8.00,1881,1.151,6.869,1624.792
18-08-2019 9.00,1882,1.153,7.075,1755.18
18-08-2019 10.00,1883,1.156,7.083,1761.904
18-08-2019 11.00,1884,1.16,6.956,1678.457
18-08-2019 12.00,1885,1.163,6.933,1662.227
18-08-2019 13.00,1886,1.165,6.941,1670.675
18-08-2019 14.00,1887,1.168,6.769,1556.211
18-08-2019 15.00,1888,1.17,6.104,1164.557
18-08-2019 16.00,1889,1.172,5.738,967.509
18-08-2019 17.00,1890,1.174,5.871,1036.248
18-08-2019 18.00,1891,1.176,6.129,1175.055
18-08-2019 19.00,1892,1.178,6.118,1169.482
18-08-2019 20.00,1893,1.179,5.632,914.743
18-08-2019 21.00,1894,1.18,5.01,636.516
18-08-2019 22.00,1895,1.178,4.337,393.846
18-08-2019 23.00,1896,1.173,3.741,228.004
19-08-2019 0.00,1897,1.168,3.34,142.262
19-08-2019 1.00,1898,1.163,3.224,122.941
19-08-2019 2.00,1899,1.159,3.275,130.315
19-08-2019 3.00,1900,1.156,3.274,130.172
19-08-2019 4.00,1901,1.154,3.134,106.513
19-08-2019 5.00,1902,1.152,2.61,41.566
19-08-2019 6.00,1903,1.151,1.676,2.215
19-08-2019 7.00,1904,1.152,2.107,11.208
19-08-2019 8.00,1905,1.153,2.982,84.782
19-08-2019 9.00,1906,1.155,3.686,215.014
19-08-2019 10.00,1907,1.157,4.203,352.607
19-08-2019 11.00,1908,1.161,4.301,382.596
19-08-2019 12.00,1909,1.164,4.241,364.2
19-08-2019 13.00,1910,1.167,4.263,370.666
19-08-2019 14.00,1911,1.169,4.448,429.591
19-08-2019 15.00,1912,1.172,4.603,482.623
19-08-2019 16.00,1913,1.174,4.573,471.963
19-08-2019 17.00,1914,1.176,4.951,612.863
19-08-2019 18.00,1915,1.178,5.825,1012.396
19-08-2019 19.00,1916,1.18,6.252,1245.402
19-08-2019 20.00,1917,1.182,6.264,1254.823
19-08-2019 21.00,1918,1.182,5.649,923.282
19-08-2019 22.00,1919,1.179,5.069,664.442
19-08-2019 23.00,1920,1.173,4.595,479.787
20-08-2019 0.00,1921,1.167,4.116,328.883
20-08-2019 1.00,1922,1.163,4.112,326.546
20-08-2019 2.00,1923,1.159,4.396,415.837
20-08-2019 3.00,1924,1.156,4.784,551.528
20-08-2019 4.00,1925,1.153,4.834,567.21
20-08-2019 5.00,1926,1.151,4.175,344.382
20-08-2019 6.00,1927,1.15,2.097,10.922
20-08-2019 7.00,1928,1.15,2.488,31.731
20-08-2019 8.00,1929,1.151,2.703,51.287
20-08-2019 9.00,1930,1.152,2.708,51.733
20-08-2019 10.00,1931,1.154,3.002,86.62
20-08-2019 11.00,1932,1.156,3.058,94.835
20-08-2019 12.00,1933,1.158,3.276,130.465
20-08-2019 13.00,1934,1.159,3.895,268.854
20-08-2019 14.00,1935,1.16,4.389,413.304
20-08-2019 15.00,1936,1.161,4.474,438.473
20-08-2019 16.00,1937,1.161,4.814,561.653
20-08-2019 17.00,1938,1.161,6.033,1126.073
20-08-2019 18.00,1939,1.161,7.268,1881.312
20-08-2019 19.00,1940,1.161,7.843,2274.306
20-08-2019 20.00,1941,1.161,7.854,2283.248
20-08-2019 21.00,1942,1.161,7.901,2317.654
20-08-2019 22.00,1943,1.159,7.574,2089.081
20-08-2019 23.00,1944,1.156,7.481,2024.086
21-08-2019 0.00,1945,1.153,7.174,1821.301
21-08-2019 1.00,1946,1.15,6.673,1499.802
21-08-2019 2.00,1947,1.147,6.693,1512.241
21-08-2019 3.00,1948,1.145,6.831,1600.222
21-08-2019 4.00,1949,1.143,7.139,1800.344
21-08-2019 5.00,1950,1.142,7.383,1959.329
21-08-2019 6.00,1951,1.142,8.187,2508.475
21-08-2019 7.00,1952,1.143,8.394,2653.245
21-08-2019 8.00,1953,1.145,8.73,2875.17
21-08-2019 9.00,1954,1.147,10.005,3639.41
21-08-2019 10.00,1955,1.149,10.719,3979.145
21-08-2019 11.00,1956,1.151,10.426,3850.29
21-08-2019 12.00,1957,1.153,9.397,3301.929
21-08-2019 13.00,1958,1.155,8.449,2687.874
21-08-2019 14.00,1959,1.156,7.289,1894.735
21-08-2019 15.00,1960,1.157,6.634,1471.917
21-08-2019 16.00,1961,1.159,6.508,1395.04
21-08-2019 17.00,1962,1.16,6.907,1643.354
21-08-2019 18.00,1963,1.161,7.344,1934.179
21-08-2019 19.00,1964,1.162,7.412,1978.674
21-08-2019 20.00,1965,1.163,6.799,1574.669
21-08-2019 21.00,1966,1.164,6.344,1299.732
21-08-2019 22.00,1967,1.162,6.428,1348.285
21-08-2019 23.00,1968,1.159,6.123,1172.218
22-08-2019 0.00,1969,1.155,6.184,1208.555
22-08-2019 1.00,1970,1.152,6.416,1343.758
22-08-2019 2.00,1971,1.149,6.207,1222.383
22-08-2019 3.00,1972,1.147,6.448,1360.161
22-08-2019 4.00,1973,1.145,6.681,1501.207
22-08-2019 5.00,1974,1.145,6.417,1344.096
22-08-2019 6.00,1975,1.145,6.07,1143.181
22-08-2019 7.00,1976,1.146,5.832,1015.77
22-08-2019 8.00,1977,1.148,5.489,846.01
22-08-2019 9.00,1978,1.15,5.316,770.858
22-08-2019 10.00,1979,1.153,4.948,611.596
22-08-2019 11.00,1980,1.156,4.605,483.373
22-08-2019 12.00,1981,1.159,4.043,306.364
22-08-2019 13.00,1982,1.161,3.595,194.321
22-08-2019 14.00,1983,1.163,3.548,184.167
22-08-2019 15.00,1984,1.165,3.858,257.058
22-08-2019 16.00,1985,1.166,4.104,323.5
22-08-2019 17.00,1986,1.168,4.671,506.74
22-08-2019 18.00,1987,1.169,5.23,728.92
22-08-2019 19.00,1988,1.17,5.434,820.466
22-08-2019 20.00,1989,1.172,5.473,838.567
22-08-2019 21.00,1990,1.173,5.663,930.108
22-08-2019 22.00,1991,1.172,5.838,1018.762
22-08-2019 23.00,1992,1.168,6.014,1115.242
23-08-2019 0.00,1993,1.164,6.017,1115.324
23-08-2019 1.00,1994,1.161,6.037,1126.205
23-08-2019 2.00,1995,1.157,6.104,1164.564
23-08-2019 3.00,1996,1.154,6.248,1243.498
23-08-2019 4.00,1997,1.152,6.353,1306.911
23-08-2019 5.00,1998,1.151,5.949,1082.163
23-08-2019 6.00,1999,1.151,5.319,772.274
23-08-2019 7.00,2000,1.151,6.111,1165.42
23-08-2019 8.00,2001,1.153,6.463,1371.931
23-08-2019 9.00,2002,1.155,6.434,1352.498
23-08-2019 10.00,2003,1.158,6.152,1187.992
23-08-2019 11.00,2004,1.161,5.716,958.54
23-08-2019 12.00,2005,1.164,5.502,852.225
23-08-2019 13.00,2006,1.166,5.525,865.266
23-08-2019 14.00,2007,1.168,5.564,886.508
23-08-2019 15.00,2008,1.17,5.43,818.883
23-08-2019 16.00,2009,1.172,5.589,894.453
23-08-2019 17.00,2010,1.173,6.038,1126.253
23-08-2019 18.00,2011,1.174,6.247,1243.437
23-08-2019 19.00,2012,1.175,5.92,1061.685
23-08-2019 20.00,2013,1.177,5.908,1055.76
23-08-2019 21.00,2014,1.178,6.005,1110.343
23-08-2019 22.00,2015,1.176,5.926,1064.766
23-08-2019 23.00,2016,1.169,5.822,1010.855
24-08-2019 0.00,2017,1.164,5.772,985.829
24-08-2019 1.00,2018,1.16,5.81,1004.424
24-08-2019 2.00,2019,1.156,5.615,906.51
24-08-2019 3.00,2020,1.153,5.559,884.076
24-08-2019 4.00,2021,1.151,5.471,837.993
24-08-2019 5.00,2022,1.15,4.46,433.611
24-08-2019 6.00,2023,1.149,2.737,54.201
24-08-2019 7.00,2024,1.15,2.836,64.997
24-08-2019 8.00,2025,1.151,3.166,111.648
24-08-2019 9.00,2026,1.153,3.197,117.922
24-08-2019 10.00,2027,1.155,2.812,62.267
24-08-2019 11.00,2028,1.158,2.209,15.591
24-08-2019 12.00,2029,1.161,1.648,2.011
24-08-2019 13.00,2030,1.163,1.508,0.987
24-08-2019 14.00,2031,1.165,2.026,8.75
24-08-2019 15.00,2032,1.167,2.721,53.105
24-08-2019 16.00,2033,1.17,3.27,129.446
24-08-2019 17.00,2034,1.172,3.632,204.659
24-08-2019 18.00,2035,1.174,3.489,173.378
24-08-2019 19.00,2036,1.175,2.967,82.9
24-08-2019 20.00,2037,1.177,2.245,16.903
24-08-2019 21.00,2038,1.179,1.465,0.784
24-08-2019 22.00,2039,1.176,0.812,0.001
24-08-2019 23.00,2040,1.168,0.825,0.005
25-08-2019 0.00,2041,1.161,1.125,0.092
25-08-2019 1.00,2042,1.156,1.473,0.818
25-08-2019 2.00,2043,1.153,1.756,3.127
25-08-2019 3.00,2044,1.15,1.865,4.917
25-08-2019 4.00,2045,1.148,1.808,3.98
25-08-2019 5.00,2046,1.147,1.772,3.334
25-08-2019 6.00,2047,1.146,1.768,3.28
25-08-2019 7.00,2048,1.146,2.64,44.335
25-08-2019 8.00,2049,1.147,3.084,98.715
25-08-2019 9.00,2050,1.149,3.311,136.783
25-08-2019 10.00,2051,1.151,3.497,175.132
25-08-2019 11.00,2052,1.155,3.482,172.11
25-08-2019 12.00,2053,1.158,3.258,127.249
25-08-2019 13.00,2054,1.16,3.058,94.75
25-08-2019 14.00,2055,1.163,3.02,89.234
25-08-2019 15.00,2056,1.165,2.961,82.051
25-08-2019 16.00,2057,1.168,2.544,36.583
25-08-2019 17.00,2058,1.17,2.255,17.36
25-08-2019 18.00,2059,1.171,1.601,1.566
25-08-2019 19.00,2060,1.173,1.101,0.071
25-08-2019 20.00,2061,1.175,0.895,0.01
25-08-2019 21.00,2062,1.176,1.246,0.209
25-08-2019 22.00,2063,1.173,1.934,6.243
25-08-2019 23.00,2064,1.164,2.636,43.905
26-08-2019 0.00,2065,1.157,3.052,93.89
26-08-2019 1.00,2066,1.152,3.504,175.88
26-08-2019 2.00,2067,1.148,4.298,382.154
26-08-2019 3.00,2068,1.144,4.752,536.146
26-08-2019 4.00,2069,1.142,4.944,610.071
26-08-2019 5.00,2070,1.14,4.833,566.868
26-08-2019 6.00,2071,1.139,2.854,67.243
26-08-2019 7.00,2072,1.14,2.679,48.004
26-08-2019 8.00,2073,1.141,3.092,99.904
26-08-2019 9.00,2074,1.143,3.384,150.694
26-08-2019 10.00,2075,1.146,3.532,180.578
26-08-2019 11.00,2076,1.149,4.043,306.281
26-08-2019 12.00,2077,1.152,5.015,638.483
26-08-2019 13.00,2078,1.154,5.479,841.685
26-08-2019 14.00,2079,1.156,5.412,810.421
26-08-2019 15.00,2080,1.157,5.086,667.611
26-08-2019 16.00,2081,1.158,5.17,702.909
26-08-2019 17.00,2082,1.159,6.587,1444.557
26-08-2019 18.00,2083,1.16,8.183,2505.548
26-08-2019 19.00,2084,1.161,8.211,2524.569
26-08-2019 20.00,2085,1.162,8.793,2919.229
26-08-2019 21.00,2086,1.162,8.675,2842.264
26-08-2019 22.00,2087,1.161,8.575,2778.914
26-08-2019 23.00,2088,1.158,8.162,2492.539
27-08-2019 0.00,2089,1.154,8.064,2424.046
27-08-2019 1.00,2090,1.151,8.231,2539.842
27-08-2019 2.00,2091,1.149,8.323,2608.44
27-08-2019 3.00,2092,1.147,8.329,2612.076
27-08-2019 4.00,2093,1.145,8.767,2901.775
27-08-2019 5.00,2094,1.144,7.271,1882.638
27-08-2019 6.00,2095,1.144,6.046,1133.18
27-08-2019 7.00,2096,1.144,5.771,984.75
27-08-2019 8.00,2097,1.146,5.675,936.283
27-08-2019 9.00,2098,1.147,5.744,970.978
27-08-2019 10.00,2099,1.15,5.771,984.899
27-08-2019 11.00,2100,1.152,5.622,909.962
27-08-2019 12.00,2101,1.154,5.104,674.927
27-08-2019 13.00,2102,1.156,4.448,429.769
27-08-2019 14.00,2103,1.157,3.651,206.946
27-08-2019 15.00,2104,1.159,2.59,39.812
27-08-2019 16.00,2105,1.16,1.731,2.818
27-08-2019 17.00,2106,1.162,1.021,0.036
27-08-2019 18.00,2107,1.163,0.62,0
27-08-2019 19.00,2108,1.165,1.174,0.134
27-08-2019 20.00,2109,1.166,1.86,4.752
27-08-2019 21.00,2110,1.168,2.449,29.347
27-08-2019 22.00,2111,1.167,3.07,96.514
27-08-2019 23.00,2112,1.163,3.793,240.55
28-08-2019 0.00,2113,1.158,4.551,464.611
28-08-2019 1.00,2114,1.154,5.215,722.5
28-08-2019 2.00,2115,1.151,5.722,959.766
28-08-2019 3.00,2116,1.149,5.997,1102.834
28-08-2019 4.00,2117,1.148,6.141,1182.029
28-08-2019 5.00,2118,1.147,6.04,1126.297
28-08-2019 6.00,2119,1.148,3.637,205.832
28-08-2019 7.00,2120,1.149,2.925,76.206
28-08-2019 8.00,2121,1.151,3.853,255.733
28-08-2019 9.00,2122,1.153,3.734,226.287
28-08-2019 10.00,2123,1.155,3.407,155.052
28-08-2019 11.00,2124,1.157,2.958,81.651
28-08-2019 12.00,2125,1.159,2.534,35.78
28-08-2019 13.00,2126,1.161,2.13,12.022
28-08-2019 14.00,2127,1.162,1.724,2.731
28-08-2019 15.00,2128,1.164,1.624,1.799
28-08-2019 16.00,2129,1.165,1.996,7.763
28-08-2019 17.00,2130,1.166,2.225,15.937
28-08-2019 18.00,2131,1.167,3.075,97.313
28-08-2019 19.00,2132,1.168,3.874,263.411
28-08-2019 20.00,2133,1.169,4.947,611.153
28-08-2019 21.00,2134,1.17,5.233,730.191
28-08-2019 22.00,2135,1.169,4.446,428.98
28-08-2019 23.00,2136,1.164,4.665,506.231
29-08-2019 0.00,2137,1.158,5.276,751.409
29-08-2019 1.00,2138,1.154,4.648,501.821
29-08-2019 2.00,2139,1.151,4.325,390.1
29-08-2019 3.00,2140,1.148,4.414,420.378
29-08-2019 4.00,2141,1.146,4.759,538.864
29-08-2019 5.00,2142,1.145,4.78,550.048
29-08-2019 6.00,2143,1.145,3.385,150.822
29-08-2019 7.00,2144,1.146,2.708,51.776
29-08-2019 8.00,2145,1.147,2.618,42.258
29-08-2019 9.00,2146,1.149,2.456,29.844
29-08-2019 10.00,2147,1.151,2.163,13.284
29-08-2019 11.00,2148,1.153,1.849,4.538
29-08-2019 12.00,2149,1.155,1.504,0.964
29-08-2019 13.00,2150,1.157,1.093,0.066
29-08-2019 14.00,2151,1.159,0.647,0
29-08-2019 15.00,2152,1.161,0.733,0
29-08-2019 16.00,2153,1.163,1.89,5.317
29-08-2019 17.00,2154,1.164,3.663,209.578
29-08-2019 18.00,2155,1.166,5.093,670.548
29-08-2019 19.00,2156,1.167,5.995,1101.967
29-08-2019 20.00,2157,1.169,6.368,1316.684
29-08-2019 21.00,2158,1.17,6.296,1270.243
29-08-2019 22.00,2159,1.17,6.106,1164.641
29-08-2019 23.00,2160,1.166,5.668,932.939
30-08-2019 0.00,2161,1.161,5.148,693.415
30-08-2019 1.00,2162,1.156,4.633,496.471
30-08-2019 2.00,2163,1.153,4.076,315.526
30-08-2019 3.00,2164,1.151,3.385,150.766
30-08-2019 4.00,2165,1.149,2.701,51.031
30-08-2019 5.00,2166,1.148,2.761,56.459
30-08-2019 6.00,2167,1.147,3.011,87.903
30-08-2019 7.00,2168,1.148,2.941,78.421
30-08-2019 8.00,2169,1.149,3.464,168.253
30-08-2019 9.00,2170,1.151,3.6,195.411
30-08-2019 10.00,2171,1.154,3.645,206.565
30-08-2019 11.00,2172,1.157,3.743,228.503
30-08-2019 12.00,2173,1.16,3.777,236.803
30-08-2019 13.00,2174,1.163,3.89,267.507
30-08-2019 14.00,2175,1.165,4.183,346.763
30-08-2019 15.00,2176,1.167,4.203,352.502
30-08-2019 16.00,2177,1.17,4.126,332.433
30-08-2019 17.00,2178,1.172,4.994,629.985
30-08-2019 18.00,2179,1.174,6.273,1256.764
30-08-2019 19.00,2180,1.176,7.035,1726.243
30-08-2019 20.00,2181,1.179,7.109,1775.204
30-08-2019 21.00,2182,1.18,6.985,1696.59
30-08-2019 22.00,2183,1.179,7.057,1740.74
30-08-2019 23.00,2184,1.173,7.081,1761.851
31-08-2019 0.00,2185,1.164,7.051,1736.422
31-08-2019 1.00,2186,1.159,6.924,1657.88
31-08-2019 2.00,2187,1.155,6.664,1492.267
31-08-2019 3.00,2188,1.152,6.288,1265.347
31-08-2019 4.00,2189,1.15,5.745,971.067
31-08-2019 5.00,2190,1.149,5.129,685.779
31-08-2019 6.00,2191,1.149,2.953,81.014
31-08-2019 7.00,2192,1.149,1.847,4.513
31-08-2019 8.00,2193,1.151,4.855,575.337
31-08-2019 9.00,2194,1.153,6.1,1164.44
31-08-2019 10.00,2195,1.156,6.736,1541.024
31-08-2019 11.00,2196,1.16,7.24,1867.772
31-08-2019 12.00,2197,1.163,7.642,2140.237
31-08-2019 13.00,2198,1.165,7.795,2238.686
31-08-2019 14.00,2199,1.168,7.516,2050.088
31-08-2019 15.00,2200,1.171,6.603,1456.659
31-08-2019 16.00,2201,1.173,5.81,1004.425
31-08-2019 17.00,2202,1.176,5.582,894.237
31-08-2019 18.00,2203,1.178,4.546,464.021
31-08-2019 19.00,2204,1.18,3.237,125.084
31-08-2019 20.00,2205,1.182,1.926,6.052
31-08-2019 21.00,2206,1.183,1.124,0.092
31-08-2019 22.00,2207,1.181,1.9,5.505
31-08-2019 23.00,2208,1.174,3.689,215.619
