Date,Parameter,Value,Unit of measure
Jan-93,Station electricity usage,133295.0,kWh
Jan-93,Station electricity usage,119172.0,kWh
Jan-93,Station electricity usage,150332.0,kWh
Jan-93,Station electricity usage,44680.0,kWh
Feb-93,Station electricity usage,148505.0,kWh
Feb-93,Station electricity usage,118032.0,kWh
Feb-93,Station electricity usage,145762.0,kWh
Feb-93,Station electricity usage,40638.0,kWh
Jan-94,Station electricity usage,171500.0,kWh
Jan-94,Station electricity usage,175369.0,kWh
Jan-94,Station electricity usage,125476.0,kWh
Jan-94,Station electricity usage,43015.0,kWh
Feb-94,Station electricity usage,173657.0,kWh
Feb-94,Station electricity usage,164940.0,kWh
Feb-94,Station electricity usage,114783.0,kWh
Feb-94,Station electricity usage,38200.0,kWh
Mar-94,Station electricity usage,194716.0,kWh
Mar-94,Station electricity usage,180826.0,kWh
Mar-94,Station electricity usage,129235.0,kWh
Mar-94,Station electricity usage,43660.0,kWh
Apr-94,Station electricity usage,198951.0,kWh
Apr-94,Station electricity usage,200969.0,kWh
Apr-94,Station electricity usage,135816.0,kWh
Apr-94,Station electricity usage,44070.0,kWh
Apr-95,Station electricity usage,194366.0,kWh
Apr-95,Station electricity usage,160483.0,kWh
Apr-95,Station electricity usage,148442.0,kWh
Apr-95,Station electricity usage,48737.0,kWh
Apr-96,Station electricity usage,188630.0,kWh
Apr-96,Station electricity usage,183969.0,kWh
Apr-96,Station electricity usage,142410.0,kWh
Apr-96,Station electricity usage,55536.0,kWh
Apr-97,Station electricity usage,199936.0,kWh
Apr-97,Station electricity usage,160110.0,kWh
Apr-97,Station electricity usage,150149.0,kWh
Apr-97,Station electricity usage,53663.0,kWh
Mar-98,Station electricity usage,172450.0,kWh
Mar-98,Station electricity usage,161996.0,kWh
Mar-98,Station electricity usage,151661.0,kWh
Mar-98,Station electricity usage,49261.0,kWh
Jan-99,Station electricity usage,145482.0,kWh
Jan-99,Station electricity usage,157717.0,kWh
Jan-99,Station electricity usage,153312.0,kWh
Jan-99,Station electricity usage,46903.0,kWh
Feb-99,Station electricity usage,139031.0,kWh
Feb-99,Station electricity usage,142865.0,kWh
Feb-99,Station electricity usage,138596.0,kWh
Feb-99,Station electricity usage,41910.0,kWh
Mar-03,Station electricity usage,100059.0,kWh
Mar-03,Station electricity usage,141000.0,kWh
Mar-03,Station electricity usage,45639.0,kWh
Apr-03,Station electricity usage,118044.0,kWh
Apr-03,Station electricity usage,145026.0,kWh
Apr-03,Station electricity usage,133974.0,kWh
Apr-03,Station electricity usage,38957.0,kWh
May-03,Station electricity usage,123355.0,kWh
May-03,Station electricity usage,159824.0,kWh
May-03,Station electricity usage,131676.0,kWh
May-03,Station electricity usage,57692.0,kWh
Jun-03,Station electricity usage,120361.0,kWh
Jun-03,Station electricity usage,152332.0,kWh
Jun-03,Station electricity usage,130230.4,kWh
Jun-03,Station electricity usage,43903.0,kWh
Jul-03,Station electricity usage,133075.0,kWh
Jul-03,Station electricity usage,161593.0,kWh
Jul-03,Station electricity usage,134701.0,kWh
Jul-03,Station electricity usage,46359.0,kWh
Aug-03,Station electricity usage,147763.0,kWh
Aug-03,Station electricity usage,158634.0,kWh
Aug-03,Station electricity usage,133884.0,kWh
Aug-03,Station electricity usage,45836.0,kWh
Sep-03,Station electricity usage,116381.0,kWh
Sep-03,Station electricity usage,146825.0,kWh
Sep-03,Station electricity usage,137566.0,kWh
Sep-03,Station electricity usage,44755.0,kWh
Oct-03,Station electricity usage,96235.0,kWh
Oct-03,Station electricity usage,146748.0,kWh
Oct-03,Station electricity usage,150741.0,kWh
Oct-03,Station electricity usage,44775.0,kWh
Nov-03,Station electricity usage,94190.0,kWh
Nov-03,Station electricity usage,147949.0,kWh
Nov-03,Station electricity usage,148940.0,kWh
Nov-03,Station electricity usage,37580.0,kWh
Dec-03,Station electricity usage,93820.0,kWh
Dec-03,Station electricity usage,146250.0,kWh
Dec-03,Station electricity usage,149119.0,kWh
Dec-03,Station electricity usage,45550.0,kWh
Jan-04,Station electricity usage,91029.0,kWh
Jan-04,Station electricity usage,136903.0,kWh
Jan-04,Station electricity usage,144890.0,kWh
Jan-04,Station electricity usage,33217.0,kWh
Feb-04,Station electricity usage,102220.0,kWh
Feb-04,Station electricity usage,124892.0,kWh
Feb-04,Station electricity usage,143448.0,kWh
Feb-04,Station electricity usage,40329.0,kWh
Mar-04,Station electricity usage,113472.0,kWh
Mar-04,Station electricity usage,146625.0,kWh
Mar-04,Station electricity usage,131109.0,kWh
Mar-04,Station electricity usage,44065.0,kWh
Apr-04,Station electricity usage,115758.0,kWh
Apr-04,Station electricity usage,128402.0,kWh
Apr-04,Station electricity usage,134909.0,kWh
Apr-04,Station electricity usage,44156.0,kWh
Dec-12,Station electricity usage,86123.0,kWh
Dec-12,Station electricity usage,92439.0,kWh
Dec-12,Station electricity usage,233055.0,kWh
Dec-12,Station electricity usage,53855.0,kWh
Jan-13,Station electricity usage,70102.0,kWh
Jan-13,Station electricity usage,116176.0,kWh
Jan-13,Station electricity usage,155156.0,kWh
Jan-13,Station electricity usage,50995.0,kWh
Feb-13,Station electricity usage,72344.0,kWh
Feb-13,Station electricity usage,125223.0,kWh
Feb-13,Station electricity usage,127949.0,kWh
Feb-13,Station electricity usage,47365.0,kWh
Sep-14,Station electricity usage,53178.0,kWh
Sep-14,Station electricity usage,155479.0,kWh
Sep-14,Station electricity usage,134475.0,kWh
Sep-14,Station electricity usage,48190.0,kWh
Oct-14,Station electricity usage,60301.0,kWh
Oct-14,Station electricity usage,155440.0,kWh
Oct-14,Station electricity usage,134515.0,kWh
Oct-14,Station electricity usage,50000.0,kWh
Nov-14,Station electricity usage,64722.0,kWh
Nov-14,Station electricity usage,149995.0,kWh
Nov-14,Station electricity usage,129227.0,kWh
Nov-14,Station electricity usage,48710.0,kWh
Dec-14,Station electricity usage,58538.0,kWh
Dec-14,Station electricity usage,147637.0,kWh
Dec-14,Station electricity usage,137201.8571,kWh
Dec-14,Station electricity usage,46740.0,kWh
Jan-15,Station electricity usage,71071.0,kWh
Jan-15,Station electricity usage,155220.0,kWh
Jan-15,Station electricity usage,47420.0,kWh
Feb-15,Station electricity usage,55693.0,kWh
Feb-15,Station electricity usage,142486.0,kWh
Feb-15,Station electricity usage,107815.0,kWh
Feb-15,Station electricity usage,40870.0,kWh
Mar-15,Station electricity usage,65291.0,kWh
Mar-15,Station electricity usage,160207.0,kWh
Mar-15,Station electricity usage,135081.0,kWh
Mar-15,Station electricity usage,47380.0,kWh
Apr-15,Station electricity usage,78051.0,kWh
Apr-15,Station electricity usage,156619.0,kWh
Apr-15,Station electricity usage,129380.0,kWh
Apr-15,Station electricity usage,48485.0,kWh
May-15,Station electricity usage,133034.0,kWh
May-15,Station electricity usage,176046.0,kWh
May-15,Station electricity usage,143733.0,kWh
May-15,Station electricity usage,46682.0,kWh
Jan-93,Fuel usage,46837.0,litres
Feb-93,Fuel usage,44224.0,litres
Jan-94,Fuel usage,51568.0,litres
Feb-94,Fuel usage,58484.0,litres
Mar-94,Fuel usage,76078.0,litres
Apr-94,Fuel usage,74699.0,litres
Apr-95,Fuel usage,61463.0,litres
Apr-96,Fuel usage,58533.0,litres
Apr-97,Fuel usage,63655.0,litres
Apr-97,Fuel usage,56360.0,litres
Mar-98,Fuel usage,54409.0,litres
Mar-98,Fuel usage,54923.0,litres
Mar-98,Fuel usage,46425.0,litres
Jan-99,Fuel usage,48847.0,litres
Jan-99,Fuel usage,45175.0,litres
Jan-99,Fuel usage,44809.0,litres
Feb-99,Fuel usage,43846.0,litres
Feb-99,Fuel usage,40304.0,litres
Feb-99,Fuel usage,42059.0,litres
Mar-03,Fuel usage,27240.0,litres
Mar-03,Fuel usage,48622.0,litres
Mar-03,Fuel usage,44153.0,litres
Mar-03,Fuel usage,13570.0,litres
Apr-03,Fuel usage,35784.0,litres
Apr-03,Fuel usage,49019.0,litres
Apr-03,Fuel usage,37088.0,litres
Apr-03,Fuel usage,15530.0,litres
May-03,Fuel usage,35848.0,litres
May-03,Fuel usage,56981.0,litres
May-03,Fuel usage,47107.0,litres
May-03,Fuel usage,14390.0,litres
Jun-03,Fuel usage,37692.0,litres
Jun-03,Fuel usage,52308.0,litres
Jun-03,Fuel usage,42839.0,litres
Jun-03,Fuel usage,16677.0,litres
Jul-03,Fuel usage,42260.0,litres
Jul-03,Fuel usage,58104.0,litres
Jul-03,Fuel usage,45299.0,litres
Jul-03,Fuel usage,14700.0,litres
Aug-03,Fuel usage,45466.0,litres
Aug-03,Fuel usage,56185.0,litres
Aug-03,Fuel usage,41286.0,litres
Aug-03,Fuel usage,16328.0,litres
Sep-03,Fuel usage,40183.0,litres
Sep-03,Fuel usage,48622.0,litres
Sep-03,Fuel usage,42960.0,litres
Sep-03,Fuel usage,15821.0,litres
Oct-03,Fuel usage,30214.0,litres
Oct-03,Fuel usage,46959.0,litres
Oct-03,Fuel usage,44381.0,litres
Oct-03,Fuel usage,15667.0,litres
Nov-03,Fuel usage,29937.0,litres
Nov-03,Fuel usage,44818.0,litres
Nov-03,Fuel usage,43762.0,litres
Nov-03,Fuel usage,15082.0,litres
Dec-03,Fuel usage,28098.0,litres
Dec-03,Fuel usage,46592.0,litres
Dec-03,Fuel usage,43248.0,litres
Dec-03,Fuel usage,15869.0,litres
Jan-04,Fuel usage,26813.0,litres
Jan-04,Fuel usage,49000.0,litres
Jan-04,Fuel usage,41642.0,litres
Jan-04,Fuel usage,14314.0,litres
Feb-04,Fuel usage,30456.0,litres
Feb-04,Fuel usage,42550.0,litres
Feb-04,Fuel usage,42048.0,litres
Feb-04,Fuel usage,11861.0,litres
Mar-04,Fuel usage,34493.0,litres
Mar-04,Fuel usage,51641.0,litres
Mar-04,Fuel usage,39098.0,litres
Mar-04,Fuel usage,15316.0,litres
Apr-04,Fuel usage,39088.0,litres
Apr-04,Fuel usage,50835.0,litres
Apr-04,Fuel usage,42167.0,litres
Apr-04,Fuel usage,16288.0,litres
Dec-12,Fuel usage,23983.0,litres
Dec-12,Fuel usage,40288.0,litres
Dec-12,Fuel usage,40021.0,litres
Dec-12,Fuel usage,18173.0,litres
Jan-13,Fuel usage,29294.0,litres
Jan-13,Fuel usage,23973.0,litres
Jan-13,Fuel usage,56360.0,litres
Jan-13,Fuel usage,17458.0,litres
Feb-13,Fuel usage,21857.0,litres
Feb-13,Fuel usage,35132.0,litres
Feb-13,Fuel usage,42375.0,litres
Feb-13,Fuel usage,15884.0,litres
Sep-14,Fuel usage,16479.0,litres
Sep-14,Fuel usage,51347.0,litres
Sep-14,Fuel usage,47512.0,litres
Sep-14,Fuel usage,16214.0,litres
Oct-14,Fuel usage,18546.0,litres
Oct-14,Fuel usage,49390.0,litres
Oct-14,Fuel usage,47686.0,litres
Oct-14,Fuel usage,16601.0,litres
Nov-14,Fuel usage,19103.0,litres
Nov-14,Fuel usage,45656.0,litres
Nov-14,Fuel usage,56546.0,litres
Nov-14,Fuel usage,16059.0,litres
Dec-14,Fuel usage,17769.0,litres
Dec-14,Fuel usage,45387.0,litres
Dec-14,Fuel usage,48505.0,litres
Dec-14,Fuel usage,15330.0,litres
Jan-15,Fuel usage,22157.0,litres
Jan-15,Fuel usage,49796.0,litres
Jan-15,Fuel usage,20233.0,litres
Jan-15,Fuel usage,15603.0,litres
Feb-15,Fuel usage,15705.0,litres
Feb-15,Fuel usage,46579.0,litres
Feb-15,Fuel usage,48814.0,litres
Feb-15,Fuel usage,14037.0,litres
Mar-15,Fuel usage,18157.0,litres
Mar-15,Fuel usage,59685.0,litres
Mar-15,Fuel usage,57057.0,litres
Mar-15,Fuel usage,14676.0,litres
Apr-15,Fuel usage,21976.0,litres
Apr-15,Fuel usage,63701.0,litres
Apr-15,Fuel usage,47711.0,litres
Apr-15,Fuel usage,15683.0,litres
May-15,Fuel usage,40926.0,litres
May-15,Fuel usage,67591.0,litres
May-15,Fuel usage,53879.0,litres
May-15,Fuel usage,15598.0,litres
Apr-95,Fuel usage,1150.0,litres
Apr-96,Fuel usage,1500.0,litres
Apr-97,Fuel usage,400.0,litres
Apr-97,Fuel usage,1250.0,litres
Apr-97,Fuel usage,1850.0,litres
Apr-97,Fuel usage,1430.0,litres
Mar-98,Fuel usage,700.0,litres
Mar-98,Fuel usage,450.0,litres
Mar-98,Fuel usage,1500.0,litres
Mar-98,Fuel usage,,litres
Jan-99,Fuel usage,800.0,litres
Jan-99,Fuel usage,700.0,litres
Jan-99,Fuel usage,2250.0,litres
Jan-99,Fuel usage,,litres
Feb-99,Fuel usage,450.0,litres
Feb-99,Fuel usage,1300.0,litres
Feb-99,Fuel usage,700.0,litres
Feb-99,Fuel usage,920.0,litres
Mar-03,Fuel usage,900.0,litres
Mar-03,Fuel usage,1600.0,litres
Mar-03,Fuel usage,700.0,litres
Mar-03,Fuel usage,1284.0,litres
Apr-03,Fuel usage,300.0,litres
Apr-03,Fuel usage,800.0,litres
Apr-03,Fuel usage,1600.0,litres
Apr-03,Fuel usage,1779.0,litres
May-03,Fuel usage,900.0,litres
May-03,Fuel usage,1300.0,litres
May-03,Fuel usage,0.0,litres
Jun-03,Fuel usage,300.0,litres
Jun-03,Fuel usage,1000.0,litres
Jun-03,Fuel usage,500.0,litres
Jun-03,Fuel usage,700.0,litres
Jul-03,Fuel usage,1100.0,litres
Jul-03,Fuel usage,1000.0,litres
Jul-03,Fuel usage,100.0,litres
Jul-03,Fuel usage,770.0,litres
Aug-03,Fuel usage,300.0,litres
Aug-03,Fuel usage,1100.0,litres
Aug-03,Fuel usage,500.0,litres
Aug-03,Fuel usage,0.0,litres
Sep-03,Fuel usage,400.0,litres
Sep-03,Fuel usage,1400.0,litres
Sep-03,Fuel usage,300.0,litres
Sep-03,Fuel usage,640.0,litres
Oct-03,Fuel usage,2150.0,litres
Oct-03,Fuel usage,1200.0,litres
Oct-03,Fuel usage,1100.0,litres
Oct-03,Fuel usage,0.0,litres
Nov-03,Fuel usage,950.0,litres
Nov-03,Fuel usage,1650.0,litres
Nov-03,Fuel usage,700.0,litres
Nov-03,Fuel usage,1044.0,litres
Dec-03,Fuel usage,1220.0,litres
Dec-03,Fuel usage,2750.0,litres
Dec-03,Fuel usage,400.0,litres
Dec-03,Fuel usage,774.0,litres
Jan-04,Fuel usage,800.0,litres
Jan-04,Fuel usage,2800.0,litres
Jan-04,Fuel usage,1400.0,litres
Jan-04,Fuel usage,1857.0,litres
Feb-04,Fuel usage,350.0,litres
Feb-04,Fuel usage,1900.0,litres
Feb-04,Fuel usage,1150.0,litres
Feb-04,Fuel usage,980.0,litres
Mar-04,Fuel usage,650.0,litres
Mar-04,Fuel usage,1100.0,litres
Mar-04,Fuel usage,1250.0,litres
Mar-04,Fuel usage,1405.0,litres
Apr-04,Fuel usage,400.0,litres
Apr-04,Fuel usage,800.0,litres
Apr-04,Fuel usage,250.0,litres
Dec-12,Fuel usage,200.0,litres
Dec-12,Fuel usage,600.0,litres
Dec-12,Fuel usage,650.0,litres
Jan-13,Fuel usage,300.0,litres
Jan-13,Fuel usage,1300.0,litres
Jan-13,Fuel usage,900.0,litres
Jan-13,Fuel usage,1450.0,litres
Feb-13,Fuel usage,1200.0,litres
Feb-13,Fuel usage,2800.0,litres
Feb-13,Fuel usage,1000.0,litres
Feb-13,Fuel usage,775.0,litres
Sep-14,Fuel usage,400.0,litres
Sep-14,Fuel usage,500.0,litres
Sep-14,Fuel usage,150.0,litres
Sep-14,Fuel usage,750.0,litres
Oct-14,Fuel usage,750.0,litres
Oct-14,Fuel usage,400.0,litres
Oct-14,Fuel usage,200.0,litres
Oct-14,Fuel usage,550.0,litres
Nov-14,Fuel usage,950.0,litres
Nov-14,Fuel usage,650.0,litres
Nov-14,Fuel usage,550.0,litres
Nov-14,Fuel usage,800.0,litres
Dec-14,Fuel usage,1050.0,litres
Dec-14,Fuel usage,650.0,litres
Dec-14,Fuel usage,1000.0,litres
Dec-14,Fuel usage,525.0,litres
Jan-15,Fuel usage,300.0,litres
Jan-15,Fuel usage,550.0,litres
Jan-15,Fuel usage,500.0,litres
Jan-15,Fuel usage,1051.0,litres
Feb-15,Fuel usage,800.0,litres
Feb-15,Fuel usage,550.0,litres
Feb-15,Fuel usage,1500.0,litres
Feb-15,Fuel usage,1050.0,litres
Mar-15,Fuel usage,550.0,litres
Mar-15,Fuel usage,200.0,litres
Apr-15,Fuel usage,1450.0,litres
Apr-15,Fuel usage,550.0,litres
Apr-15,Fuel usage,300.0,litres
Apr-15,Fuel usage,1470.0,litres
May-15,Fuel usage,450.0,litres
May-15,Fuel usage,550.0,litres
May-15,Fuel usage,800.0,litres
May-15,Fuel usage,1200.0,litres
Jan-93,Fuel usage,4000.0,litres
Feb-93,Fuel usage,1743.0,litres
Jan-94,Fuel usage,2634.0,litres
Feb-94,Fuel usage,4104.0,litres
Mar-94,Fuel usage,693.0,litres
Apr-94,Fuel usage,640.0,litres
Apr-95,Fuel usage,560.0,litres
Apr-96,Fuel usage,1117.0,litres
Apr-97,Fuel usage,650.0,litres
Apr-97,Fuel usage,530.0,litres
Apr-97,Fuel usage,595.0,litres
Apr-97,Fuel usage,315.0,litres
Mar-98,Fuel usage,500.0,litres
Mar-98,Fuel usage,630.0,litres
Mar-98,Fuel usage,3996.0,litres
Mar-98,Fuel usage,210.0,litres
Jan-99,Fuel usage,1900.0,litres
Jan-99,Fuel usage,1200.0,litres
Jan-99,Fuel usage,3688.0,litres
Jan-99,Fuel usage,138.0,litres
Feb-99,Fuel usage,1400.0,litres
Feb-99,Fuel usage,2200.0,litres
Feb-99,Fuel usage,3354.0,litres
Feb-99,Fuel usage,221.0,litres
Mar-03,Fuel usage,300.0,litres
Mar-03,Fuel usage,3660.0,litres
Mar-03,Fuel usage,5.0,litres
Apr-03,Fuel usage,400.0,litres
Apr-03,Fuel usage,2535.0,litres
Apr-03,Fuel usage,105.0,litres
May-03,Fuel usage,2100.0,litres
May-03,Fuel usage,400.0,litres
May-03,Fuel usage,1310.0,litres
May-03,Fuel usage,150.0,litres
Jun-03,Fuel usage,400.0,litres
Jun-03,Fuel usage,200.0,litres
Jun-03,Fuel usage,744.0,litres
Jun-03,Fuel usage,153.0,litres
Jul-03,Fuel usage,1200.0,litres
Jul-03,Fuel usage,2493.0,litres
Jul-03,Fuel usage,856.0,litres
Aug-03,Fuel usage,1900.0,litres
Aug-03,Fuel usage,1000.0,litres
Aug-03,Fuel usage,1540.0,litres
Sep-03,Fuel usage,1200.0,litres
Sep-03,Fuel usage,1835.0,litres
Sep-03,Fuel usage,3185.0,litres
Sep-03,Fuel usage,151.0,litres
Oct-03,Fuel usage,2100.0,litres
Oct-03,Fuel usage,1000.0,litres
Oct-03,Fuel usage,8168.0,litres
Oct-03,Fuel usage,103.0,litres
Nov-03,Fuel usage,1300.0,litres
Nov-03,Fuel usage,1000.0,litres
Nov-03,Fuel usage,17412.0,litres
Nov-03,Fuel usage,185.0,litres
Dec-03,Fuel usage,970.0,litres
Dec-03,Fuel usage,3600.0,litres
Dec-03,Fuel usage,11010.0,litres
Dec-03,Fuel usage,370.0,litres
Jan-04,Fuel usage,2520.0,litres
Jan-04,Fuel usage,8486.0,litres
Jan-04,Fuel usage,395.0,litres
Feb-04,Fuel usage,503.0,litres
Feb-04,Fuel usage,550.0,litres
Feb-04,Fuel usage,6563.0,litres
Feb-04,Fuel usage,195.0,litres
Mar-04,Fuel usage,5.0,litres
Mar-04,Fuel usage,100.0,litres
Mar-04,Fuel usage,2515.0,litres
Mar-04,Fuel usage,517.0,litres
Apr-04,Fuel usage,5.0,litres
Apr-04,Fuel usage,1743.0,litres
Apr-04,Fuel usage,296.0,litres
Dec-12,Fuel usage,4100.0,litres
Dec-12,Fuel usage,9280.0,litres
Dec-12,Fuel usage,32400.0,litres
Dec-12,Fuel usage,80.0,litres
Dec-12,Fuel usage,13800.0,litres
Jan-13,Fuel usage,2850.0,litres
Jan-13,Fuel usage,15360.0,litres
Jan-13,Fuel usage,5000.0,litres
Jan-13,Fuel usage,138.0,litres
Jan-13,Fuel usage,0.0,litres
Feb-13,Fuel usage,670.0,litres
Feb-13,Fuel usage,5000.0,litres
Feb-13,Fuel usage,173.0,litres
Feb-13,Fuel usage,0.0,litres
Sep-14,Fuel usage,2415.0,litres
Sep-14,Fuel usage,4400.0,litres
Sep-14,Fuel usage,5960.0,litres
Sep-14,Fuel usage,121.0,litres
Sep-14,Fuel usage,0.0,litres
Oct-14,Fuel usage,523.0,litres
Oct-14,Fuel usage,4460.0,litres
Oct-14,Fuel usage,13852.0,litres
Oct-14,Fuel usage,0.0,litres
Nov-14,Fuel usage,1040.0,litres
Nov-14,Fuel usage,7890.0,litres
Nov-14,Fuel usage,11200.0,litres
Nov-14,Fuel usage,368.0,litres
Nov-14,Fuel usage,0.0,litres
Dec-14,Fuel usage,784.0,litres
Dec-14,Fuel usage,7890.0,litres
Dec-14,Fuel usage,17211.0,litres
Dec-14,Fuel usage,113.0,litres
Dec-14,Fuel usage,9711.0,litres
Jan-15,Fuel usage,1241.0,litres
Jan-15,Fuel usage,6450.0,litres
Jan-15,Fuel usage,36435.0,litres
Jan-15,Fuel usage,250.0,litres
Jan-15,Fuel usage,15117.0,litres
Feb-15,Fuel usage,1553.0,litres
Feb-15,Fuel usage,2080.0,litres
Feb-15,Fuel usage,18624.0,litres
Feb-15,Fuel usage,180.0,litres
Feb-15,Fuel usage,12440.0,litres
Mar-15,Fuel usage,289.0,litres
Mar-15,Fuel usage,1980.0,litres
Mar-15,Fuel usage,19582.0,litres
Mar-15,Fuel usage,148.0,litres
Mar-15,Fuel usage,13250.0,litres
Apr-15,Fuel usage,1263.0,litres
Apr-15,Fuel usage,960.0,litres
Apr-15,Fuel usage,8028.0,litres
Apr-15,Fuel usage,454.0,litres
Apr-15,Fuel usage,0.0,litres
May-15,Fuel usage,405.0,litres
May-15,Fuel usage,530.0,litres
May-15,Fuel usage,3378.0,litres
May-15,Fuel usage,100.0,litres
May-15,Fuel usage,0.0,litres
