Indicator 58 Monthly total of fuel used by vehicles at Australian Antarctic Stations,,,,,,,
Date,Latitude,Longitude,Place,Parameter,Value,Error,Unit of measure
Jan-93,-67.60269444,62.87380556,Mawson,Fuel usage,4000,,litres
Feb-93,-67.60269444,62.87380556,Mawson,Fuel usage,1743,,litres
Mar-93,-67.60269444,62.87380556,Mawson,Fuel usage,3080,,litres
Apr-93,-67.60269444,62.87380556,Mawson,Fuel usage,866,,litres
May-93,-67.60269444,62.87380556,Mawson,Fuel usage,804,,litres
Jun-93,-67.60269444,62.87380556,Mawson,Fuel usage,667,,litres
Jul-93,-67.60269444,62.87380556,Mawson,Fuel usage,1021,,litres
Aug-93,-67.60269444,62.87380556,Mawson,Fuel usage,1938,,litres
Sep-93,-67.60269444,62.87380556,Mawson,Fuel usage,100,,litres
Oct-93,-67.60269444,62.87380556,Mawson,Fuel usage,924,,litres
Nov-93,-67.60269444,62.87380556,Mawson,Fuel usage,6000,,litres
Dec-93,-67.60269444,62.87380556,Mawson,Fuel usage,6575,,litres
Jan-94,-67.60269444,62.87380556,Mawson,Fuel usage,2634,,litres
Feb-94,-67.60269444,62.87380556,Mawson,Fuel usage,4104,,litres
Mar-94,-67.60269444,62.87380556,Mawson,Fuel usage,693,,litres
Apr-94,-67.60269444,62.87380556,Mawson,Fuel usage,640,,litres
May-94,-67.60269444,62.87380556,Mawson,Fuel usage,208,,litres
Jun-94,-67.60269444,62.87380556,Mawson,Fuel usage,102,,litres
Jul-94,-67.60269444,62.87380556,Mawson,Fuel usage,172,,litres
Aug-94,-67.60269444,62.87380556,Mawson,Fuel usage,1206,,litres
Sep-94,-67.60269444,62.87380556,Mawson,Fuel usage,397,,litres
Oct-94,-67.60269444,62.87380556,Mawson,Fuel usage,2155,,litres
Nov-94,-67.60269444,62.87380556,Mawson,Fuel usage,2000,,litres
Dec-94,-67.60269444,62.87380556,Mawson,Fuel usage,2900,,litres
Jan-95,-67.60269444,62.87380556,Mawson,Fuel usage,2010,,litres
Feb-95,-67.60269444,62.87380556,Mawson,Fuel usage,3655,,litres
Mar-95,-67.60269444,62.87380556,Mawson,Fuel usage,2375,,litres
Apr-95,-67.60269444,62.87380556,Mawson,Fuel usage,560,,litres
May-95,-67.60269444,62.87380556,Mawson,Fuel usage,425,,litres
Jun-95,-67.60269444,62.87380556,Mawson,Fuel usage,140,,litres
Jul-95,-67.60269444,62.87380556,Mawson,Fuel usage,158,,litres
Aug-95,-67.60269444,62.87380556,Mawson,Fuel usage,274,,litres
Sep-95,-67.60269444,62.87380556,Mawson,Fuel usage,477,,litres
Oct-95,-67.60269444,62.87380556,Mawson,Fuel usage,2174,,litres
Nov-95,-67.60269444,62.87380556,Mawson,Fuel usage,5801,,litres
Dec-95,-67.60269444,62.87380556,Mawson,Fuel usage,3876,,litres
Jan-96,-67.60269444,62.87380556,Mawson,Fuel usage,4535,,litres
Feb-96,-67.60269444,62.87380556,Mawson,Fuel usage,10197,,litres
Mar-96,-67.60269444,62.87380556,Mawson,Fuel usage,2583,,litres
Apr-96,-67.60269444,62.87380556,Mawson,Fuel usage,1117,,litres
May-96,-67.60269444,62.87380556,Mawson,Fuel usage,924,,litres
Jun-96,-67.60269444,62.87380556,Mawson,Fuel usage,905,,litres
Jul-96,-67.60269444,62.87380556,Mawson,Fuel usage,886,,litres
Aug-96,-67.60269444,62.87380556,Mawson,Fuel usage,2944,,litres
Sep-96,-67.60269444,62.87380556,Mawson,Fuel usage,1014,,litres
Oct-96,-67.60269444,62.87380556,Mawson,Fuel usage,2927,,litres
Nov-96,-67.60269444,62.87380556,Mawson,Fuel usage,5661,,litres
Dec-96,-67.60269444,62.87380556,Mawson,Fuel usage,500,,litres
Jan-97,-67.60269444,62.87380556,Mawson,Fuel usage,2500,,litres
Jan-97,-68.57661111,77.96738889,Davis,Fuel usage,1170,,litres
Jan-97,-66.28180556,110.5276111,Casey,Fuel usage,3938,,litres
Jan-97,-54.61988889,158.861,Macquarie Island,Fuel usage,180,,litres
Feb-97,-67.60269444,62.87380556,Mawson,Fuel usage,1020,,litres
Feb-97,-68.57661111,77.96738889,Davis,Fuel usage,1040,,litres
Feb-97,-66.28180556,110.5276111,Casey,Fuel usage,978,,litres
Feb-97,-54.61988889,158.861,Macquarie Island,Fuel usage,200,,litres
Mar-97,-67.60269444,62.87380556,Mawson,Fuel usage,2600,,litres
Mar-97,-68.57661111,77.96738889,Davis,Fuel usage,1130,,litres
Mar-97,-66.28180556,110.5276111,Casey,Fuel usage,1737,,litres
Mar-97,-54.61988889,158.861,Macquarie Island,Fuel usage,200,,litres
Apr-97,-67.60269444,62.87380556,Mawson,Fuel usage,650,,litres
Apr-97,-68.57661111,77.96738889,Davis,Fuel usage,530,,litres
Apr-97,-66.28180556,110.5276111,Casey,Fuel usage,595,,litres
Apr-97,-54.61988889,158.861,Macquarie Island,Fuel usage,315,,litres
May-97,-67.60269444,62.87380556,Mawson,Fuel usage,300,,litres
May-97,-68.57661111,77.96738889,Davis,Fuel usage,240,,litres
May-97,-66.28180556,110.5276111,Casey,Fuel usage,648,,litres
May-97,-54.61988889,158.861,Macquarie Island,Fuel usage,200,,litres
Jun-97,-67.60269444,62.87380556,Mawson,Fuel usage,10,,litres
Jun-97,-68.57661111,77.96738889,Davis,Fuel usage,850,,litres
Jun-97,-66.28180556,110.5276111,Casey,Fuel usage,375,,litres
Jun-97,-54.61988889,158.861,Macquarie Island,Fuel usage,200,,litres
Jul-97,-67.60269444,62.87380556,Mawson,Fuel usage,340,,litres
Jul-97,-68.57661111,77.96738889,Davis,Fuel usage,1050,,litres
Jul-97,-66.28180556,110.5276111,Casey,Fuel usage,670,,litres
Jul-97,-54.61988889,158.861,Macquarie Island,Fuel usage,150,,litres
Aug-97,-67.60269444,62.87380556,Mawson,Fuel usage,480,,litres
Aug-97,-68.57661111,77.96738889,Davis,Fuel usage,950,,litres
Aug-97,-66.28180556,110.5276111,Casey,Fuel usage,601,,litres
Aug-97,-54.61988889,158.861,Macquarie Island,Fuel usage,60,,litres
Sep-97,-67.60269444,62.87380556,Mawson,Fuel usage,170,,litres
Sep-97,-68.57661111,77.96738889,Davis,Fuel usage,1190,,litres
Sep-97,-66.28180556,110.5276111,Casey,Fuel usage,278,,litres
Sep-97,-54.61988889,158.861,Macquarie Island,Fuel usage,256,,litres
Oct-97,-67.60269444,62.87380556,Mawson,Fuel usage,150,,litres
Oct-97,-68.57661111,77.96738889,Davis,Fuel usage,3560,,litres
Oct-97,-66.28180556,110.5276111,Casey,Fuel usage,200,,litres
Oct-97,-54.61988889,158.861,Macquarie Island,Fuel usage,280,,litres
Nov-97,-67.60269444,62.87380556,Mawson,Fuel usage,1150,,litres
Nov-97,-68.57661111,77.96738889,Davis,Fuel usage,2260,,litres
Nov-97,-66.28180556,110.5276111,Casey,Fuel usage,7423,,litres
Nov-97,-54.61988889,158.861,Macquarie Island,Fuel usage,412,,litres
Dec-97,-67.60269444,62.87380556,Mawson,Fuel usage,500,,litres
Dec-97,-68.57661111,77.96738889,Davis,Fuel usage,890,,litres
Dec-97,-66.28180556,110.5276111,Casey,Fuel usage,5407,,litres
Dec-97,-54.61988889,158.861,Macquarie Island,Fuel usage,313,,litres
Jan-98,-67.60269444,62.87380556,Mawson,Fuel usage,1600,,litres
Jan-98,-68.57661111,77.96738889,Davis,Fuel usage,810,,litres
Jan-98,-66.28180556,110.5276111,Casey,Fuel usage,3500,,litres
Jan-98,-54.61988889,158.861,Macquarie Island,Fuel usage,200,,litres
Feb-98,-67.60269444,62.87380556,Mawson,Fuel usage,4375,,litres
Feb-98,-68.57661111,77.96738889,Davis,Fuel usage,620,,litres
Feb-98,-66.28180556,110.5276111,Casey,Fuel usage,2809,,litres
Feb-98,-54.61988889,158.861,Macquarie Island,Fuel usage,304,,litres
Mar-98,-67.60269444,62.87380556,Mawson,Fuel usage,500,,litres
Mar-98,-68.57661111,77.96738889,Davis,Fuel usage,630,,litres
Mar-98,-66.28180556,110.5276111,Casey,Fuel usage,3996,,litres
Mar-98,-54.61988889,158.861,Macquarie Island,Fuel usage,210,,litres
Apr-98,-67.60269444,62.87380556,Mawson,Fuel usage,50,,litres
Apr-98,-68.57661111,77.96738889,Davis,Fuel usage,1040,,litres
Apr-98,-66.28180556,110.5276111,Casey,Fuel usage,2001,,litres
Apr-98,-54.61988889,158.861,Macquarie Island,Fuel usage,158,,litres
May-98,-67.60269444,62.87380556,Mawson,Fuel usage,430,,litres
May-98,-68.57661111,77.96738889,Davis,Fuel usage,270,,litres
May-98,-66.28180556,110.5276111,Casey,Fuel usage,824,,litres
May-98,-54.61988889,158.861,Macquarie Island,Fuel usage,224,,litres
Jun-98,-67.60269444,62.87380556,Mawson,Fuel usage,200,,litres
Jun-98,-68.57661111,77.96738889,Davis,Fuel usage,290,,litres
Jun-98,-66.28180556,110.5276111,Casey,Fuel usage,610,,litres
Jun-98,-54.61988889,158.861,Macquarie Island,Fuel usage,147,,litres
Jul-98,-67.60269444,62.87380556,Mawson,Fuel usage,200,,litres
Jul-98,-68.57661111,77.96738889,Davis,Fuel usage,,,litres
Jul-98,-66.28180556,110.5276111,Casey,Fuel usage,555,,litres
Jul-98,-54.61988889,158.861,Macquarie Island,Fuel usage,79,,litres
Aug-98,-67.60269444,62.87380556,Mawson,Fuel usage,100,,litres
Aug-98,-68.57661111,77.96738889,Davis,Fuel usage,410,,litres
Aug-98,-66.28180556,110.5276111,Casey,Fuel usage,818,,litres
Aug-98,-54.61988889,158.861,Macquarie Island,Fuel usage,118,,litres
Sep-98,-67.60269444,62.87380556,Mawson,Fuel usage,600,,litres
Sep-98,-68.57661111,77.96738889,Davis,Fuel usage,920,,litres
Sep-98,-66.28180556,110.5276111,Casey,Fuel usage,130,,litres
Sep-98,-54.61988889,158.861,Macquarie Island,Fuel usage,152,,litres
Oct-98,-67.60269444,62.87380556,Mawson,Fuel usage,550,,litres
Oct-98,-68.57661111,77.96738889,Davis,Fuel usage,380,,litres
Oct-98,-66.28180556,110.5276111,Casey,Fuel usage,846,,litres
Oct-98,-54.61988889,158.861,Macquarie Island,Fuel usage,176,,litres
Nov-98,-67.60269444,62.87380556,Mawson,Fuel usage,2000,,litres
Nov-98,-68.57661111,77.96738889,Davis,Fuel usage,2400,,litres
Nov-98,-66.28180556,110.5276111,Casey,Fuel usage,6031,,litres
Nov-98,-54.61988889,158.861,Macquarie Island,Fuel usage,354,,litres
Dec-98,-67.60269444,62.87380556,Mawson,Fuel usage,1050,,litres
Dec-98,-68.57661111,77.96738889,Davis,Fuel usage,1600,,litres
Dec-98,-66.28180556,110.5276111,Casey,Fuel usage,3528,,litres
Dec-98,-54.61988889,158.861,Macquarie Island,Fuel usage,103,,litres
Jan-99,-67.60269444,62.87380556,Mawson,Fuel usage,1900,,litres
Jan-99,-68.57661111,77.96738889,Davis,Fuel usage,1200,,litres
Jan-99,-66.28180556,110.5276111,Casey,Fuel usage,3688,,litres
Jan-99,-54.61988889,158.861,Macquarie Island,Fuel usage,138,,litres
Feb-99,-67.60269444,62.87380556,Mawson,Fuel usage,1400,,litres
Feb-99,-68.57661111,77.96738889,Davis,Fuel usage,2200,,litres
Feb-99,-66.28180556,110.5276111,Casey,Fuel usage,3354,,litres
Feb-99,-54.61988889,158.861,Macquarie Island,Fuel usage,221,,litres
Mar-99,-67.60269444,62.87380556,Mawson,Fuel usage,1800,,litres
Mar-99,-68.57661111,77.96738889,Davis,Fuel usage,1400,,litres
Mar-99,-66.28180556,110.5276111,Casey,Fuel usage,2970,,litres
Mar-99,-54.61988889,158.861,Macquarie Island,Fuel usage,155,,litres
Apr-99,-67.60269444,62.87380556,Mawson,Fuel usage,50,,litres
Apr-99,-68.57661111,77.96738889,Davis,Fuel usage,600,,litres
Apr-99,-66.28180556,110.5276111,Casey,Fuel usage,1353,,litres
Apr-99,-54.61988889,158.861,Macquarie Island,Fuel usage,260,,litres
May-99,-67.60269444,62.87380556,Mawson,Fuel usage,250,,litres
May-99,-68.57661111,77.96738889,Davis,Fuel usage,600,,litres
May-99,-66.28180556,110.5276111,Casey,Fuel usage,424,,litres
May-99,-54.61988889,158.861,Macquarie Island,Fuel usage,85,,litres
Jun-99,-67.60269444,62.87380556,Mawson,Fuel usage,400,,litres
Jun-99,-68.57661111,77.96738889,Davis,Fuel usage,200,,litres
Jun-99,-66.28180556,110.5276111,Casey,Fuel usage,276,,litres
Jun-99,-54.61988889,158.861,Macquarie Island,Fuel usage,53,,litres
Jul-99,-67.60269444,62.87380556,Mawson,Fuel usage,200,,litres
Jul-99,-68.57661111,77.96738889,Davis,Fuel usage,500,,litres
Jul-99,-66.28180556,110.5276111,Casey,Fuel usage,251,,litres
Jul-99,-54.61988889,158.861,Macquarie Island,Fuel usage,212,,litres
Aug-99,-67.60269444,62.87380556,Mawson,Fuel usage,1400,,litres
Aug-99,-68.57661111,77.96738889,Davis,Fuel usage,,,litres
Aug-99,-66.28180556,110.5276111,Casey,Fuel usage,176,,litres
Aug-99,-54.61988889,158.861,Macquarie Island,Fuel usage,,,litres
Sep-99,-67.60269444,62.87380556,Mawson,Fuel usage,200,,litres
Sep-99,-68.57661111,77.96738889,Davis,Fuel usage,600,,litres
Sep-99,-66.28180556,110.5276111,Casey,Fuel usage,505,,litres
Sep-99,-54.61988889,158.861,Macquarie Island,Fuel usage,99,,litres
Oct-99,-67.60269444,62.87380556,Mawson,Fuel usage,300,,litres
Oct-99,-68.57661111,77.96738889,Davis,Fuel usage,3400,,litres
Oct-99,-66.28180556,110.5276111,Casey,Fuel usage,1261,,litres
Oct-99,-54.61988889,158.861,Macquarie Island,Fuel usage,130,,litres
Nov-99,-67.60269444,62.87380556,Mawson,Fuel usage,1600,,litres
Nov-99,-68.57661111,77.96738889,Davis,Fuel usage,1360,,litres
Nov-99,-66.28180556,110.5276111,Casey,Fuel usage,1422,,litres
Nov-99,-54.61988889,158.861,Macquarie Island,Fuel usage,323,,litres
Dec-99,-67.60269444,62.87380556,Mawson,Fuel usage,1500,,litres
Dec-99,-68.57661111,77.96738889,Davis,Fuel usage,2000,,litres
Dec-99,-66.28180556,110.5276111,Casey,Fuel usage,3346,,litres
Dec-99,-54.61988889,158.861,Macquarie Island,Fuel usage,243,,litres
Jan-00,-67.60269444,62.87380556,Mawson,Fuel usage,200,,litres
Jan-00,-68.57661111,77.96738889,Davis,Fuel usage,1590,,litres
Jan-00,-66.28180556,110.5276111,Casey,Fuel usage,5692,,litres
Jan-00,-54.61988889,158.861,Macquarie Island,Fuel usage,252,,litres
Feb-00,-67.60269444,62.87380556,Mawson,Fuel usage,400,,litres
Feb-00,-68.57661111,77.96738889,Davis,Fuel usage,1129,,litres
Feb-00,-66.28180556,110.5276111,Casey,Fuel usage,5702,,litres
Feb-00,-54.61988889,158.861,Macquarie Island,Fuel usage,141,,litres
Mar-00,-67.60269444,62.87380556,Mawson,Fuel usage,400,,litres
Mar-00,-68.57661111,77.96738889,Davis,Fuel usage,1145,,litres
Mar-00,-66.28180556,110.5276111,Casey,Fuel usage,1609,,litres
Mar-00,-54.61988889,158.861,Macquarie Island,Fuel usage,449,,litres
Apr-00,-67.60269444,62.87380556,Mawson,Fuel usage,346,,litres
Apr-00,-68.57661111,77.96738889,Davis,Fuel usage,441,,litres
Apr-00,-66.28180556,110.5276111,Casey,Fuel usage,1271,,litres
Apr-00,-54.61988889,158.861,Macquarie Island,Fuel usage,52,,litres
May-00,-67.60269444,62.87380556,Mawson,Fuel usage,400,,litres
May-00,-68.57661111,77.96738889,Davis,Fuel usage,781,,litres
May-00,-66.28180556,110.5276111,Casey,Fuel usage,1559,,litres
May-00,-54.61988889,158.861,Macquarie Island,Fuel usage,161,,litres
Jun-00,-67.60269444,62.87380556,Mawson,Fuel usage,400,,litres
Jun-00,-68.57661111,77.96738889,Davis,Fuel usage,638,,litres
Jun-00,-66.28180556,110.5276111,Casey,Fuel usage,683,,litres
Jun-00,-54.61988889,158.861,Macquarie Island,Fuel usage,170,,litres
Jul-00,-67.60269444,62.87380556,Mawson,Fuel usage,100,,litres
Jul-00,-68.57661111,77.96738889,Davis,Fuel usage,209,,litres
Jul-00,-66.28180556,110.5276111,Casey,Fuel usage,1079,,litres
Jul-00,-54.61988889,158.861,Macquarie Island,Fuel usage,,,litres
Aug-00,-67.60269444,62.87380556,Mawson,Fuel usage,200,,litres
Aug-00,-68.57661111,77.96738889,Davis,Fuel usage,89,,litres
Aug-00,-66.28180556,110.5276111,Casey,Fuel usage,781,,litres
Aug-00,-54.61988889,158.861,Macquarie Island,Fuel usage,182,,litres
Sep-00,-67.60269444,62.87380556,Mawson,Fuel usage,200,,litres
Sep-00,-68.57661111,77.96738889,Davis,Fuel usage,1491,,litres
Sep-00,-66.28180556,110.5276111,Casey,Fuel usage,1188,,litres
Sep-00,-54.61988889,158.861,Macquarie Island,Fuel usage,173,,litres
Oct-00,-67.60269444,62.87380556,Mawson,Fuel usage,50,,litres
Oct-00,-68.57661111,77.96738889,Davis,Fuel usage,3336,,litres
Oct-00,-66.28180556,110.5276111,Casey,Fuel usage,1279,,litres
Oct-00,-54.61988889,158.861,Macquarie Island,Fuel usage,162,,litres
Nov-00,-67.60269444,62.87380556,Mawson,Fuel usage,1350,,litres
Nov-00,-68.57661111,77.96738889,Davis,Fuel usage,1452,,litres
Nov-00,-66.28180556,110.5276111,Casey,Fuel usage,2430,,litres
Nov-00,-54.61988889,158.861,Macquarie Island,Fuel usage,517,,litres
Dec-00,-67.60269444,62.87380556,Mawson,Fuel usage,4500,,litres
Dec-00,-68.57661111,77.96738889,Davis,Fuel usage,508,,litres
Dec-00,-66.28180556,110.5276111,Casey,Fuel usage,4846,,litres
Dec-00,-54.61988889,158.861,Macquarie Island,Fuel usage,294,,litres
Jan-01,-67.60269444,62.87380556,Mawson,Fuel usage,1850,,litres
Jan-01,-68.57661111,77.96738889,Davis,Fuel usage,1480,,litres
Jan-01,-66.28180556,110.5276111,Casey,Fuel usage,5283,,litres
Jan-01,-54.61988889,158.861,Macquarie Island,Fuel usage,243,,litres
Feb-01,-67.60269444,62.87380556,Mawson,Fuel usage,2250,,litres
Feb-01,-68.57661111,77.96738889,Davis,Fuel usage,790,,litres
Feb-01,-66.28180556,110.5276111,Casey,Fuel usage,4326,,litres
Feb-01,-54.61988889,158.861,Macquarie Island,Fuel usage,270,,litres
Mar-01,-67.60269444,62.87380556,Mawson,Fuel usage,200,,litres
Mar-01,-68.57661111,77.96738889,Davis,Fuel usage,630,,litres
Mar-01,-66.28180556,110.5276111,Casey,Fuel usage,2941,,litres
Mar-01,-54.61988889,158.861,Macquarie Island,Fuel usage,325,,litres
Apr-01,-67.60269444,62.87380556,Mawson,Fuel usage,250,,litres
Apr-01,-68.57661111,77.96738889,Davis,Fuel usage,600,,litres
Apr-01,-66.28180556,110.5276111,Casey,Fuel usage,934,,litres
Apr-01,-54.61988889,158.861,Macquarie Island,Fuel usage,160,,litres
May-01,-67.60269444,62.87380556,Mawson,Fuel usage,0,,litres
May-01,-68.57661111,77.96738889,Davis,Fuel usage,,,litres
May-01,-66.28180556,110.5276111,Casey,Fuel usage,450,,litres
May-01,-54.61988889,158.861,Macquarie Island,Fuel usage,105,,litres
Jun-01,-67.60269444,62.87380556,Mawson,Fuel usage,100,,litres
Jun-01,-68.57661111,77.96738889,Davis,Fuel usage,150,,litres
Jun-01,-66.28180556,110.5276111,Casey,Fuel usage,520,,litres
Jun-01,-54.61988889,158.861,Macquarie Island,Fuel usage,20,,litres
Jul-01,-67.60269444,62.87380556,Mawson,Fuel usage,100,,litres
Jul-01,-68.57661111,77.96738889,Davis,Fuel usage,34,,litres
Jul-01,-66.28180556,110.5276111,Casey,Fuel usage,692,,litres
Jul-01,-54.61988889,158.861,Macquarie Island,Fuel usage,0,,litres
Aug-01,-67.60269444,62.87380556,Mawson,Fuel usage,0,,litres
Aug-01,-68.57661111,77.96738889,Davis,Fuel usage,800,,litres
Aug-01,-66.28180556,110.5276111,Casey,Fuel usage,466,,litres
Aug-01,-54.61988889,158.861,Macquarie Island,Fuel usage,96,,litres
Sep-01,-67.60269444,62.87380556,Mawson,Fuel usage,200,,litres
Sep-01,-68.57661111,77.96738889,Davis,Fuel usage,180,,litres
Sep-01,-66.28180556,110.5276111,Casey,Fuel usage,617,,litres
Sep-01,-54.61988889,158.861,Macquarie Island,Fuel usage,142,,litres
Oct-01,-67.60269444,62.87380556,Mawson,Fuel usage,760,,litres
Oct-01,-68.57661111,77.96738889,Davis,Fuel usage,690,,litres
Oct-01,-66.28180556,110.5276111,Casey,Fuel usage,2880,,litres
Oct-01,-54.61988889,158.861,Macquarie Island,Fuel usage,156,,litres
Nov-01,-67.60269444,62.87380556,Mawson,Fuel usage,340,,litres
Nov-01,-68.57661111,77.96738889,Davis,Fuel usage,990,,litres
Nov-01,-66.28180556,110.5276111,Casey,Fuel usage,4286,,litres
Nov-01,-54.61988889,158.861,Macquarie Island,Fuel usage,130,,litres
Dec-01,-67.60269444,62.87380556,Mawson,Fuel usage,200,,litres
Dec-01,-68.57661111,77.96738889,Davis,Fuel usage,3180,,litres
Dec-01,-66.28180556,110.5276111,Casey,Fuel usage,4371,,litres
Dec-01,-54.61988889,158.861,Macquarie Island,Fuel usage,102,,litres
Jan-02,-67.60269444,62.87380556,Mawson,Fuel usage,1550,,litres
Jan-02,-68.57661111,77.96738889,Davis,Fuel usage,2600,,litres
Jan-02,-66.28180556,110.5276111,Casey,Fuel usage,1549,,litres
Jan-02,-54.61988889,158.861,Macquarie Island,Fuel usage,179,,litres
Feb-02,-67.60269444,62.87380556,Mawson,Fuel usage,320,,litres
Feb-02,-68.57661111,77.96738889,Davis,Fuel usage,2300,,litres
Feb-02,-66.28180556,110.5276111,Casey,Fuel usage,716,,litres
Feb-02,-54.61988889,158.861,Macquarie Island,Fuel usage,128,,litres
Mar-02,-67.60269444,62.87380556,Mawson,Fuel usage,1000,,litres
Mar-02,-68.57661111,77.96738889,Davis,Fuel usage,90,,litres
Mar-02,-66.28180556,110.5276111,Casey,Fuel usage,565,,litres
Mar-02,-54.61988889,158.861,Macquarie Island,Fuel usage,170,,litres
Apr-02,-68.57661111,77.96738889,Davis,Fuel usage,,,litres
Apr-02,-66.28180556,110.5276111,Casey,Fuel usage,1104,,litres
Apr-02,-54.61988889,158.861,Macquarie Island,Fuel usage,295,,litres
May-02,-67.60269444,62.87380556,Mawson,Fuel usage,0,,litres
May-02,-68.57661111,77.96738889,Davis,Fuel usage,880,,litres
May-02,-66.28180556,110.5276111,Casey,Fuel usage,1324,,litres
May-02,-54.61988889,158.861,Macquarie Island,Fuel usage,100,,litres
Jun-02,-67.60269444,62.87380556,Mawson,Fuel usage,0,,litres
Jun-02,-68.57661111,77.96738889,Davis,Fuel usage,920,,litres
Jun-02,-66.28180556,110.5276111,Casey,Fuel usage,953,,litres
Jun-02,-54.61988889,158.861,Macquarie Island,Fuel usage,86,,litres
Jul-02,-67.60269444,62.87380556,Mawson,Fuel usage,800,,litres
Jul-02,-68.57661111,77.96738889,Davis,Fuel usage,250,,litres
Jul-02,-66.28180556,110.5276111,Casey,Fuel usage,1003,,litres
Jul-02,-54.61988889,158.861,Macquarie Island,Fuel usage,80,,litres
Aug-02,-67.60269444,62.87380556,Mawson,Fuel usage,3900,,litres
Aug-02,-68.57661111,77.96738889,Davis,Fuel usage,46,,litres
Aug-02,-66.28180556,110.5276111,Casey,Fuel usage,602,,litres
Aug-02,-54.61988889,158.861,Macquarie Island,Fuel usage,170,,litres
Sep-02,-67.60269444,62.87380556,Mawson,Fuel usage,1200,,litres
Sep-02,-68.57661111,77.96738889,Davis,Fuel usage,550,,litres
Sep-02,-66.28180556,110.5276111,Casey,Fuel usage,501,,litres
Sep-02,-54.61988889,158.861,Macquarie Island,Fuel usage,107,,litres
Oct-02,-67.60269444,62.87380556,Mawson,Fuel usage,3800,,litres
Oct-02,-68.57661111,77.96738889,Davis,Fuel usage,2300,,litres
Oct-02,-66.28180556,110.5276111,Casey,Fuel usage,1598,,litres
Oct-02,-54.61988889,158.861,Macquarie Island,Fuel usage,335,,litres
Nov-02,-67.60269444,62.87380556,Mawson,Fuel usage,9600,,litres
Nov-02,-68.57661111,77.96738889,Davis,Fuel usage,2800,,litres
Nov-02,-66.28180556,110.5276111,Casey,Fuel usage,5088,,litres
Nov-02,-54.61988889,158.861,Macquarie Island,Fuel usage,195,,litres
Dec-02,-67.60269444,62.87380556,Mawson,Fuel usage,5550,,litres
Dec-02,-68.57661111,77.96738889,Davis,Fuel usage,2700,,litres
Dec-02,-66.28180556,110.5276111,Casey,Fuel usage,14339,,litres
Dec-02,-54.61988889,158.861,Macquarie Island,Fuel usage,191,,litres
Jan-03,-67.60269444,62.87380556,Mawson,Fuel usage,5048,,litres
Jan-03,-68.57661111,77.96738889,Davis,Fuel usage,800,,litres
Jan-03,-66.28180556,110.5276111,Casey,Fuel usage,22895,,litres
Jan-03,-54.61988889,158.861,Macquarie Island,Fuel usage,187,,litres
Feb-03,-67.60269444,62.87380556,Mawson,Fuel usage,2800,,litres
Feb-03,-68.57661111,77.96738889,Davis,Fuel usage,1200,,litres
Feb-03,-66.28180556,110.5276111,Casey,Fuel usage,8150,,litres
Feb-03,-54.61988889,158.861,Macquarie Island,Fuel usage,176,,litres
Mar-03,-67.60269444,62.87380556,Mawson,Fuel usage,700,,litres
Mar-03,-68.57661111,77.96738889,Davis,Fuel usage,300,,litres
Mar-03,-66.28180556,110.5276111,Casey,Fuel usage,3660,,litres
Mar-03,-54.61988889,158.861,Macquarie Island,Fuel usage,5,,litres
Apr-03,-67.60269444,62.87380556,Mawson,Fuel usage,400,,litres
Apr-03,-68.57661111,77.96738889,Davis,Fuel usage,800,,litres
Apr-03,-66.28180556,110.5276111,Casey,Fuel usage,2535,,litres
Apr-03,-54.61988889,158.861,Macquarie Island,Fuel usage,105,,litres
May-03,-67.60269444,62.87380556,Mawson,Fuel usage,2100,,litres
May-03,-68.57661111,77.96738889,Davis,Fuel usage,400,,litres
May-03,-66.28180556,110.5276111,Casey,Fuel usage,1310,,litres
May-03,-54.61988889,158.861,Macquarie Island,Fuel usage,150,,litres
Jun-03,-67.60269444,62.87380556,Mawson,Fuel usage,400,,litres
Jun-03,-68.57661111,77.96738889,Davis,Fuel usage,200,,litres
Jun-03,-66.28180556,110.5276111,Casey,Fuel usage,744,,litres
Jun-03,-54.61988889,158.861,Macquarie Island,Fuel usage,153,,litres
Jul-03,-67.60269444,62.87380556,Mawson,Fuel usage,1200,,litres
Jul-03,-68.57661111,77.96738889,Davis,Fuel usage,1200,,litres
Jul-03,-66.28180556,110.5276111,Casey,Fuel usage,2493,,litres
Jul-03,-54.61988889,158.861,Macquarie Island,Fuel usage,856,,litres
Aug-03,-67.60269444,62.87380556,Mawson,Fuel usage,1900,,litres
Aug-03,-68.57661111,77.96738889,Davis,Fuel usage,1000,,litres
Aug-03,-66.28180556,110.5276111,Casey,Fuel usage,1540,,litres
Aug-03,-54.61988889,158.861,Macquarie Island,Fuel usage,0,,litres
Sep-03,-67.60269444,62.87380556,Mawson,Fuel usage,1200,,litres
Sep-03,-68.57661111,77.96738889,Davis,Fuel usage,1835,,litres
Sep-03,-66.28180556,110.5276111,Casey,Fuel usage,3185,,litres
Sep-03,-54.61988889,158.861,Macquarie Island,Fuel usage,151,,litres
Oct-03,-67.60269444,62.87380556,Mawson,Fuel usage,2100,,litres
Oct-03,-68.57661111,77.96738889,Davis,Fuel usage,1000,,litres
Oct-03,-66.28180556,110.5276111,Casey,Fuel usage,8168,,litres
Oct-03,-54.61988889,158.861,Macquarie Island,Fuel usage,103,,litres
Nov-03,-67.60269444,62.87380556,Mawson,Fuel usage,1300,,litres
Nov-03,-68.57661111,77.96738889,Davis,Fuel usage,1000,,litres
Nov-03,-66.28180556,110.5276111,Casey,Fuel usage,17412,,litres
Nov-03,-54.61988889,158.861,Macquarie Island,Fuel usage,185,,litres
Dec-03,-67.60269444,62.87380556,Mawson,Fuel usage,970,,litres
Dec-03,-68.57661111,77.96738889,Davis,Fuel usage,3600,,litres
Dec-03,-66.28180556,110.5276111,Casey,Fuel usage,11010,,litres
Dec-03,-54.61988889,158.861,Macquarie Island,Fuel usage,370,,litres
Jan-04,-67.60269444,62.87380556,Mawson,Fuel usage,2520,,litres
Jan-04,-68.57661111,77.96738889,Davis,Fuel usage,800,,litres
Jan-04,-66.28180556,110.5276111,Casey,Fuel usage,8486,,litres
Jan-04,-54.61988889,158.861,Macquarie Island,Fuel usage,395,,litres
Feb-04,-67.60269444,62.87380556,Mawson,Fuel usage,503,,litres
Feb-04,-68.57661111,77.96738889,Davis,Fuel usage,550,,litres
Feb-04,-66.28180556,110.5276111,Casey,Fuel usage,6563,,litres
Feb-04,-54.61988889,158.861,Macquarie Island,Fuel usage,195,,litres
Mar-04,-67.60269444,62.87380556,Mawson,Fuel usage,5,,litres
Mar-04,-68.57661111,77.96738889,Davis,Fuel usage,100,,litres
Mar-04,-66.28180556,110.5276111,Casey,Fuel usage,2515,,litres
Mar-04,-54.61988889,158.861,Macquarie Island,Fuel usage,517,,litres
Apr-04,-67.60269444,62.87380556,Mawson,Fuel usage,5,,litres
Apr-04,-68.57661111,77.96738889,Davis,Fuel usage,800,,litres
Apr-04,-66.28180556,110.5276111,Casey,Fuel usage,1743,,litres
Apr-04,-54.61988889,158.861,Macquarie Island,Fuel usage,296,,litres
May-04,-67.60269444,62.87380556,Mawson,Fuel usage,7,,litres
May-04,-68.57661111,77.96738889,Davis,Fuel usage,1750,,litres
May-04,-66.28180556,110.5276111,Casey,Fuel usage,2494,,litres
May-04,-54.61988889,158.861,Macquarie Island,Fuel usage,326,,litres
Jun-04,-67.60269444,62.87380556,Mawson,Fuel usage,9,,litres
Jun-04,-68.57661111,77.96738889,Davis,Fuel usage,2050,,litres
Jun-04,-66.28180556,110.5276111,Casey,Fuel usage,1909,,litres
Jun-04,-54.61988889,158.861,Macquarie Island,Fuel usage,255,,litres
Jul-04,-67.60269444,62.87380556,Mawson,Fuel usage,9,,litres
Jul-04,-68.57661111,77.96738889,Davis,Fuel usage,1800,,litres
Jul-04,-66.28180556,110.5276111,Casey,Fuel usage,3976,,litres
Jul-04,-54.61988889,158.861,Macquarie Island,Fuel usage,300,,litres
Aug-04,-67.60269444,62.87380556,Mawson,Fuel usage,5,,litres
Aug-04,-68.57661111,77.96738889,Davis,Fuel usage,2000,,litres
Aug-04,-66.28180556,110.5276111,Casey,Fuel usage,18,,litres
Sep-04,-67.60269444,62.87380556,Mawson,Fuel usage,29,,litres
Sep-04,-68.57661111,77.96738889,Davis,Fuel usage,2200,,litres
Sep-04,-66.28180556,110.5276111,Casey,Fuel usage,1421,,litres
Oct-04,-67.60269444,62.87380556,Mawson,Fuel usage,2200,,litres
Oct-04,-68.57661111,77.96738889,Davis,Fuel usage,6650,,litres
Oct-04,-66.28180556,110.5276111,Casey,Fuel usage,5889,,litres
Oct-04,-54.61988889,158.861,Macquarie Island,Fuel usage,314,,litres
Nov-04,-67.60269444,62.87380556,Mawson,Fuel usage,2400,,litres
Nov-04,-68.57661111,77.96738889,Davis,Fuel usage,2250,,litres
Nov-04,-66.28180556,110.5276111,Casey,Fuel usage,18063,,litres
Nov-04,-54.61988889,158.861,Macquarie Island,Fuel usage,189,,litres
Dec-04,-67.60269444,62.87380556,Mawson,Fuel usage,2100,,litres
Dec-04,-68.57661111,77.96738889,Davis,Fuel usage,4100,,litres
Dec-04,-66.28180556,110.5276111,Casey,Fuel usage,6941,,litres
Dec-04,-54.61988889,158.861,Macquarie Island,Fuel usage,500,,litres
Jan-05,-67.60269444,62.87380556,Mawson,Fuel usage,1050,,litres
Jan-05,-68.57661111,77.96738889,Davis,Fuel usage,3600,,litres
Jan-05,-66.28180556,110.5276111,Casey,Fuel usage,19362,,litres
Jan-05,-54.61988889,158.861,Macquarie Island,Fuel usage,192,,litres
Feb-05,-67.60269444,62.87380556,Mawson,Fuel usage,4150,,litres
Feb-05,-68.57661111,77.96738889,Davis,Fuel usage,405,,litres
Feb-05,-66.28180556,110.5276111,Casey,Fuel usage,11700,,litres
Feb-05,-54.61988889,158.861,Macquarie Island,Fuel usage,342,,litres
Mar-05,-67.60269444,62.87380556,Mawson,Fuel usage,900,,litres
Mar-05,-68.57661111,77.96738889,Davis,Fuel usage,900,,litres
Mar-05,-66.28180556,110.5276111,Casey,Fuel usage,4400,,litres
Mar-05,-54.61988889,158.861,Macquarie Island,Fuel usage,1771,,litres
Apr-05,-67.60269444,62.87380556,Mawson,Fuel usage,1600,,litres
Apr-05,-68.57661111,77.96738889,Davis,Fuel usage,980,,litres
Apr-05,-66.28180556,110.5276111,Casey,Fuel usage,3674,,litres
Apr-05,-54.61988889,158.861,Macquarie Island,Fuel usage,133,,litres
May-05,-67.60269444,62.87380556,Mawson,Fuel usage,1730,,litres
May-05,-68.57661111,77.96738889,Davis,Fuel usage,1650,,litres
May-05,-66.28180556,110.5276111,Casey,Fuel usage,1729,,litres
May-05,-54.61988889,158.861,Macquarie Island,Fuel usage,70,,litres
Jun-05,-67.60269444,62.87380556,Mawson,Fuel usage,550,,litres
Jun-05,-68.57661111,77.96738889,Davis,Fuel usage,900,,litres
Jun-05,-66.28180556,110.5276111,Casey,Fuel usage,1200,,litres
Jun-05,-54.61988889,158.861,Macquarie Island,Fuel usage,127,,litres
Jul-05,-67.60269444,62.87380556,Mawson,Fuel usage,1245,,litres
Jul-05,-68.57661111,77.96738889,Davis,Fuel usage,400,,litres
Jul-05,-66.28180556,110.5276111,Casey,Fuel usage,810,,litres
Jul-05,-54.61988889,158.861,Macquarie Island,Fuel usage,120,,litres
Aug-05,-67.60269444,62.87380556,Mawson,Fuel usage,1445,,litres
Aug-05,-68.57661111,77.96738889,Davis,Fuel usage,900,,litres
Aug-05,-66.28180556,110.5276111,Casey,Fuel usage,1638,,litres
Aug-05,-54.61988889,158.861,Macquarie Island,Fuel usage,156,,litres
Sep-05,-67.60269444,62.87380556,Mawson,Fuel usage,1860,,litres
Sep-05,-68.57661111,77.96738889,Davis,Fuel usage,500,,litres
Sep-05,-66.28180556,110.5276111,Casey,Fuel usage,7436,,litres
Sep-05,-54.61988889,158.861,Macquarie Island,Fuel usage,135,,litres
Oct-05,-67.60269444,62.87380556,Mawson,Fuel usage,1988,,litres
Oct-05,-68.57661111,77.96738889,Davis,Fuel usage,4700,,litres
Oct-05,-66.28180556,110.5276111,Casey,Fuel usage,3782,,litres
Oct-05,-54.61988889,158.861,Macquarie Island,Fuel usage,121,,litres
Nov-05,-67.60269444,62.87380556,Mawson,Fuel usage,1100,,litres
Nov-05,-68.57661111,77.96738889,Davis,Fuel usage,9600,,litres
Nov-05,-66.28180556,110.5276111,Casey,Fuel usage,11500,,litres
Nov-05,-54.61988889,158.861,Macquarie Island,Fuel usage,200,,litres
Dec-05,-67.60269444,62.87380556,Mawson,Fuel usage,1899,,litres
Dec-05,-68.57661111,77.96738889,Davis,Fuel usage,3950,,litres
Dec-05,-66.28180556,110.5276111,Casey,Fuel usage,30500,,litres
Dec-05,-54.61988889,158.861,Macquarie Island,Fuel usage,217,,litres
Jan-06,-67.60269444,62.87380556,Mawson,Fuel usage,2130,,litres
Jan-06,-68.57661111,77.96738889,Davis,Fuel usage,7000,,litres
Jan-06,-66.28180556,110.5276111,Casey,Fuel usage,20225,,litres
Jan-06,-54.61988889,158.861,Macquarie Island,Fuel usage,195,,litres
Feb-06,-67.60269444,62.87380556,Mawson,Fuel usage,2394,,litres
Feb-06,-68.57661111,77.96738889,Davis,Fuel usage,5215,,litres
Feb-06,-66.28180556,110.5276111,Casey,Fuel usage,19240,,litres
Feb-06,-54.61988889,158.861,Macquarie Island,Fuel usage,255,,litres
Mar-06,-68.57661111,77.96738889,Davis,Fuel usage,755,,litres
Mar-06,-66.28180556,110.5276111,Casey,Fuel usage,13600,,litres
Mar-06,-54.61988889,158.861,Macquarie Island,Fuel usage,265,,litres
Apr-06,-67.60269444,62.87380556,Mawson,Fuel usage,450,,litres
Apr-06,-68.57661111,77.96738889,Davis,Fuel usage,550,,litres
Apr-06,-66.28180556,110.5276111,Casey,Fuel usage,3040,,litres
Apr-06,-54.61988889,158.861,Macquarie Island,Fuel usage,500,,litres
May-06,-67.60269444,62.87380556,Mawson,Fuel usage,800,,litres
May-06,-68.57661111,77.96738889,Davis,Fuel usage,700,,litres
May-06,-66.28180556,110.5276111,Casey,Fuel usage,3467,,litres
May-06,-54.61988889,158.861,Macquarie Island,Fuel usage,162,,litres
Jun-06,-67.60269444,62.87380556,Mawson,Fuel usage,1435,,litres
Jun-06,-68.57661111,77.96738889,Davis,Fuel usage,600,,litres
Jun-06,-66.28180556,110.5276111,Casey,Fuel usage,1906,,litres
Jun-06,-54.61988889,158.861,Macquarie Island,Fuel usage,70,,litres
Jul-06,-67.60269444,62.87380556,Mawson,Fuel usage,607,,litres
Jul-06,-68.57661111,77.96738889,Davis,Fuel usage,1150,,litres
Jul-06,-66.28180556,110.5276111,Casey,Fuel usage,1990,,litres
Jul-06,-54.61988889,158.861,Macquarie Island,Fuel usage,34,,litres
Aug-06,-67.60269444,62.87380556,Mawson,Fuel usage,400,,litres
Aug-06,-68.57661111,77.96738889,Davis,Fuel usage,950,,litres
Aug-06,-66.28180556,110.5276111,Casey,Fuel usage,4650,,litres
Aug-06,-54.61988889,158.861,Macquarie Island,Fuel usage,45,,litres
Sep-06,-67.60269444,62.87380556,Mawson,Fuel usage,260,,litres
Sep-06,-68.57661111,77.96738889,Davis,Fuel usage,150,,litres
Sep-06,-66.28180556,110.5276111,Casey,Fuel usage,4672,,litres
Sep-06,-54.61988889,158.861,Macquarie Island,Fuel usage,142,,litres
Oct-06,-67.60269444,62.87380556,Mawson,Fuel usage,3082,,litres
Oct-06,-68.57661111,77.96738889,Davis,Fuel usage,1300,,litres
Oct-06,-66.28180556,110.5276111,Casey,Fuel usage,4723,,litres
Oct-06,-54.61988889,158.861,Macquarie Island,Fuel usage,94,,litres
Nov-06,-67.60269444,62.87380556,Mawson,Fuel usage,2700,,litres
Nov-06,-68.57661111,77.96738889,Davis,Fuel usage,5550,,litres
Nov-06,-66.28180556,110.5276111,Casey,Fuel usage,30705,,litres
Nov-06,-54.61988889,158.861,Macquarie Island,Fuel usage,0,,litres
Dec-06,-67.60269444,62.87380556,Mawson,Fuel usage,1000,,litres
Dec-06,-68.57661111,77.96738889,Davis,Fuel usage,1600,,litres
Dec-06,-66.28180556,110.5276111,Casey,Fuel usage,21343,,litres
Dec-06,-54.61988889,158.861,Macquarie Island,Fuel usage,112,,litres
Jan-07,-67.60269444,62.87380556,Mawson,Fuel usage,1065,,litres
Jan-07,-68.57661111,77.96738889,Davis,Fuel usage,1300,,litres
Jan-07,-66.28180556,110.5276111,Casey,Fuel usage,26200,,litres
Jan-07,-54.61988889,158.861,Macquarie Island,Fuel usage,126,,litres
Feb-07,-67.60269444,62.87380556,Mawson,Fuel usage,850,,litres
Feb-07,-68.57661111,77.96738889,Davis,Fuel usage,3600,,litres
Feb-07,-66.28180556,110.5276111,Casey,Fuel usage,41500,,litres
Feb-07,-54.61988889,158.861,Macquarie Island,Fuel usage,110,,litres
Mar-07,-67.60269444,62.87380556,Mawson,Fuel usage,1800,,litres
Mar-07,-68.57661111,77.96738889,Davis,Fuel usage,2350,,litres
Mar-07,-66.28180556,110.5276111,Casey,Fuel usage,13124,,litres
Mar-07,-54.61988889,158.861,Macquarie Island,Fuel usage,100,,litres
Apr-07,-67.60269444,62.87380556,Mawson,Fuel usage,450,,litres
Apr-07,-68.57661111,77.96738889,Davis,Fuel usage,350,,litres
Apr-07,-66.28180556,110.5276111,Casey,Fuel usage,355,,litres
Apr-07,-54.61988889,158.861,Macquarie Island,Fuel usage,446,,litres
May-07,-67.60269444,62.87380556,Mawson,Fuel usage,216,,litres
May-07,-68.57661111,77.96738889,Davis,Fuel usage,450,,litres
May-07,-66.28180556,110.5276111,Casey,Fuel usage,5828,,litres
May-07,-54.61988889,158.861,Macquarie Island,Fuel usage,112,,litres
Jun-07,-67.60269444,62.87380556,Mawson,Fuel usage,300,,litres
Jun-07,-68.57661111,77.96738889,Davis,Fuel usage,1630,,litres
Jun-07,-66.28180556,110.5276111,Casey,Fuel usage,558,,litres
Jun-07,-54.61988889,158.861,Macquarie Island,Fuel usage,594,,litres
Jul-07,-67.60269444,62.87380556,Mawson,Fuel usage,400,,litres
Jul-07,-68.57661111,77.96738889,Davis,Fuel usage,1950,,litres
Jul-07,-66.28180556,110.5276111,Casey,Fuel usage,1225,,litres
Jul-07,-54.61988889,158.861,Macquarie Island,Fuel usage,145,,litres
Aug-07,-67.60269444,62.87380556,Mawson,Fuel usage,600,,litres
Aug-07,-68.57661111,77.96738889,Davis,Fuel usage,550,,litres
Aug-07,-66.28180556,110.5276111,Casey,Fuel usage,2497,,litres
Aug-07,-54.61988889,158.861,Macquarie Island,Fuel usage,0,,litres
Sep-07,-67.60269444,62.87380556,Mawson,Fuel usage,800,,litres
Sep-07,-68.57661111,77.96738889,Davis,Fuel usage,1100,,litres
Sep-07,-66.28180556,110.5276111,Casey,Fuel usage,4215,,litres
Sep-07,-54.61988889,158.861,Macquarie Island,Fuel usage,72,,litres
Oct-07,-67.60269444,62.87380556,Mawson,Fuel usage,900,,litres
Oct-07,-68.57661111,77.96738889,Davis,Fuel usage,2100,,litres
Oct-07,-66.28180556,110.5276111,Casey,Fuel usage,3162,,litres
Oct-07,-54.61988889,158.861,Macquarie Island,Fuel usage,117,,litres
Nov-07,-67.60269444,62.87380556,Mawson,Fuel usage,4212,,litres
Nov-07,-68.57661111,77.96738889,Davis,Fuel usage,6100,,litres
Nov-07,-66.28180556,110.5276111,Casey,Fuel usage,21620,,litres
Nov-07,-54.61988889,158.861,Macquarie Island,Fuel usage,50,,litres
Dec-07,-67.60269444,62.87380556,Mawson,Fuel usage,942,,litres
Dec-07,-68.57661111,77.96738889,Davis,Fuel usage,4900,,litres
Dec-07,-66.28180556,110.5276111,Casey,Fuel usage,21816,,litres
Dec-07,-54.61988889,158.861,Macquarie Island,Fuel usage,210,,litres
Jan-08,-67.60269444,62.87380556,Mawson,Fuel usage,1203,,litres
Jan-08,-68.57661111,77.96738889,Davis,Fuel usage,4100,,litres
Jan-08,-66.28180556,110.5276111,Casey,Fuel usage,22730,,litres
Jan-08,-54.61988889,158.861,Macquarie Island,Fuel usage,224,,litres
Feb-08,-67.60269444,62.87380556,Mawson,Fuel usage,738,,litres
Feb-08,-68.57661111,77.96738889,Davis,Fuel usage,3500,,litres
Feb-08,-66.28180556,110.5276111,Casey,Fuel usage,12662,,litres
Feb-08,-54.61988889,158.861,Macquarie Island,Fuel usage,99,,litres
Mar-08,-67.60269444,62.87380556,Mawson,Fuel usage,774,,litres
Mar-08,-68.57661111,77.96738889,Davis,Fuel usage,500,,litres
Mar-08,-66.28180556,110.5276111,Casey,Fuel usage,1180,,litres
Mar-08,-54.61988889,158.861,Macquarie Island,Fuel usage,380,,litres
Apr-08,-67.60269444,62.87380556,Mawson,Fuel usage,314,,litres
Apr-08,-68.57661111,77.96738889,Davis,Fuel usage,500,,litres
Apr-08,-66.28180556,110.5276111,Casey,Fuel usage,1252,,litres
Apr-08,-54.61988889,158.861,Macquarie Island,Fuel usage,100,,litres
May-08,-67.60269444,62.87380556,Mawson,Fuel usage,457,,litres
May-08,-68.57661111,77.96738889,Davis,Fuel usage,500,,litres
May-08,-66.28180556,110.5276111,Casey,Fuel usage,1030,,litres
Jun-08,-67.60269444,62.87380556,Mawson,Fuel usage,785,,litres
Jun-08,-68.57661111,77.96738889,Davis,Fuel usage,2700,,litres
Jun-08,-66.28180556,110.5276111,Casey,Fuel usage,950,,litres
Jun-08,-54.61988889,158.861,Macquarie Island,Fuel usage,10,,litres
Jul-08,-67.60269444,62.87380556,Mawson,Fuel usage,596,,litres
Jul-08,-68.57661111,77.96738889,Davis,Fuel usage,2100,,litres
Jul-08,-66.28180556,110.5276111,Casey,Fuel usage,1015,,litres
Jul-08,-54.61988889,158.861,Macquarie Island,Fuel usage,85,,litres
Aug-08,-67.60269444,62.87380556,Mawson,Fuel usage,505,,litres
Aug-08,-68.57661111,77.96738889,Davis,Fuel usage,1400,,litres
Aug-08,-66.28180556,110.5276111,Casey,Fuel usage,1105,,litres
Aug-08,-54.61988889,158.861,Macquarie Island,Fuel usage,0,,litres
Sep-08,-67.60269444,62.87380556,Mawson,Fuel usage,1335,,litres
Sep-08,-68.57661111,77.96738889,Davis,Fuel usage,1000,,litres
Sep-08,-66.28180556,110.5276111,Casey,Fuel usage,10489,,litres
Sep-08,-54.61988889,158.861,Macquarie Island,Fuel usage,0,,litres
Oct-08,-67.60269444,62.87380556,Mawson,Fuel usage,1840,,litres
Oct-08,-68.57661111,77.96738889,Davis,Fuel usage,6250,,litres
Oct-08,-66.28180556,110.5276111,Casey,Fuel usage,11752,,litres
Oct-08,-54.61988889,158.861,Macquarie Island,Fuel usage,135,,litres
Nov-08,-67.60269444,62.87380556,Mawson,Fuel usage,100,,litres
Nov-08,-68.57661111,77.96738889,Davis,Fuel usage,7200,,litres
Nov-08,-66.28180556,110.5276111,Casey,Fuel usage,11662,,litres
Nov-08,-54.61988889,158.861,Macquarie Island,Fuel usage,247,,litres
Dec-08,-67.60269444,62.87380556,Mawson,Fuel usage,250,,litres
Dec-08,-68.57661111,77.96738889,Davis,Fuel usage,1750,,litres
Dec-08,-66.28180556,110.5276111,Casey,Fuel usage,47007,,litres
Dec-08,-54.61988889,158.861,Macquarie Island,Fuel usage,135,,litres
Jan-09,-67.60269444,62.87380556,Mawson,Fuel usage,1600,,litres
Jan-09,-68.57661111,77.96738889,Davis,Fuel usage,5100,,litres
Jan-09,-66.28180556,110.5276111,Casey,Fuel usage,52051,,litres
Jan-09,-54.61988889,158.861,Macquarie Island,Fuel usage,210,,litres
Feb-09,-67.60269444,62.87380556,Mawson,Fuel usage,3550,,litres
Feb-09,-68.57661111,77.96738889,Davis,Fuel usage,6200,,litres
Feb-09,-66.28180556,110.5276111,Casey,Fuel usage,27832,,litres
Feb-09,-54.61988889,158.861,Macquarie Island,Fuel usage,160,,litres
Mar-09,-67.60269444,62.87380556,Mawson,Fuel usage,1800,,litres
Mar-09,-68.57661111,77.96738889,Davis,Fuel usage,2490,,litres
Mar-09,-66.28180556,110.5276111,Casey,Fuel usage,8994,,litres
Mar-09,-54.61988889,158.861,Macquarie Island,Fuel usage,945,,litres
Apr-09,-67.60269444,62.87380556,Mawson,Fuel usage,436,,litres
Apr-09,-68.57661111,77.96738889,Davis,Fuel usage,950,,litres
Apr-09,-66.28180556,110.5276111,Casey,Fuel usage,3875,,litres
Apr-09,-54.61988889,158.861,Macquarie Island,Fuel usage,155,,litres
May-09,-67.60269444,62.87380556,Mawson,Fuel usage,1900,,litres
May-09,-68.57661111,77.96738889,Davis,Fuel usage,670,,litres
May-09,-66.28180556,110.5276111,Casey,Fuel usage,3136,,litres
May-09,-54.61988889,158.861,Macquarie Island,Fuel usage,10,,litres
Jun-09,-67.60269444,62.87380556,Mawson,Fuel usage,2270,,litres
Jun-09,-68.57661111,77.96738889,Davis,Fuel usage,810,,litres
Jun-09,-66.28180556,110.5276111,Casey,Fuel usage,5365,,litres
Jun-09,-54.61988889,158.861,Macquarie Island,Fuel usage,0,,litres
Jul-09,-67.60269444,62.87380556,Mawson,Fuel usage,1771,,litres
Jul-09,-68.57661111,77.96738889,Davis,Fuel usage,660,,litres
Jul-09,-66.28180556,110.5276111,Casey,Fuel usage,2963,,litres
Jul-09,-54.61988889,158.861,Macquarie Island,Fuel usage,0,,litres
Aug-09,-67.60269444,62.87380556,Mawson,Fuel usage,1885,,litres
Aug-09,-68.57661111,77.96738889,Davis,Fuel usage,750,,litres
Aug-09,-66.28180556,110.5276111,Casey,Fuel usage,6580,,litres
Aug-09,-54.61988889,158.861,Macquarie Island,Fuel usage,73,,litres
Sep-09,-67.60269444,62.87380556,Mawson,Fuel usage,904,,litres
Sep-09,-68.57661111,77.96738889,Davis,Fuel usage,550,,litres
Sep-09,-66.28180556,110.5276111,Casey,Fuel usage,7811,,litres
Sep-09,-54.61988889,158.861,Macquarie Island,Fuel usage,0,,litres
Oct-09,-67.60269444,62.87380556,Mawson,Fuel usage,1560,,litres
Oct-09,-68.57661111,77.96738889,Davis,Fuel usage,950,,litres
Oct-09,-66.28180556,110.5276111,Casey,Fuel usage,7949,,litres
Oct-09,-54.61988889,158.861,Macquarie Island,Fuel usage,163,,litres
Nov-09,-67.60269444,62.87380556,Mawson,Fuel usage,1260,,litres
Nov-09,-68.57661111,77.96738889,Davis,Fuel usage,5600,,litres
Nov-09,-66.28180556,110.5276111,Casey,Fuel usage,41880,,litres
Nov-09,-54.61988889,158.861,Macquarie Island,Fuel usage,467,,litres
Dec-09,-67.60269444,62.87380556,Mawson,Fuel usage,1740,,litres
Dec-09,-68.57661111,77.96738889,Davis,Fuel usage,3500,,litres
Dec-09,-66.28180556,110.5276111,Casey,Fuel usage,51778,,litres
Dec-09,-54.61988889,158.861,Macquarie Island,Fuel usage,30,,litres
Jan-10,-67.60269444,62.87380556,Mawson,Fuel usage,1780,,litres
Jan-10,-68.57661111,77.96738889,Davis,Fuel usage,8400,,litres
Jan-10,-66.28180556,110.5276111,Casey,Fuel usage,51981,,litres
Jan-10,-54.61988889,158.861,Macquarie Island,Fuel usage,75,,litres
Feb-10,-67.60269444,62.87380556,Mawson,Fuel usage,1415,,litres
Feb-10,-68.57661111,77.96738889,Davis,Fuel usage,5200,,litres
Feb-10,-66.28180556,110.5276111,Casey,Fuel usage,45305,,litres
Feb-10,-54.61988889,158.861,Macquarie Island,Fuel usage,90,,litres
Mar-10,-67.60269444,62.87380556,Mawson,Fuel usage,884,,litres
Mar-10,-68.57661111,77.96738889,Davis,Fuel usage,3500,,litres
Mar-10,-66.28180556,110.5276111,Casey,Fuel usage,8347,,litres
Mar-10,-54.61988889,158.861,Macquarie Island,Fuel usage,470,,litres
Apr-10,-67.60269444,62.87380556,Mawson,Fuel usage,1067,,litres
Apr-10,-68.57661111,77.96738889,Davis,Fuel usage,4200,,litres
Apr-10,-66.28180556,110.5276111,Casey,Fuel usage,6532,,litres
Apr-10,-54.61988889,158.861,Macquarie Island,Fuel usage,639,,litres
May-10,-67.60269444,62.87380556,Mawson,Fuel usage,1157,,litres
May-10,-68.57661111,77.96738889,Davis,Fuel usage,3000,,litres
May-10,-66.28180556,110.5276111,Casey,Fuel usage,5239,,litres
May-10,-54.61988889,158.861,Macquarie Island,Fuel usage,1276,,litres
Jun-10,-67.60269444,62.87380556,Mawson,Fuel usage,804,,litres
Jun-10,-68.57661111,77.96738889,Davis,Fuel usage,4275,,litres
Jun-10,-66.28180556,110.5276111,Casey,Fuel usage,2199,,litres
Jun-10,-54.61988889,158.861,Macquarie Island,Fuel usage,317,,litres
Jul-10,-67.60269444,62.87380556,Mawson,Fuel usage,1421,,litres
Jul-10,-68.57661111,77.96738889,Davis,Fuel usage,2300,,litres
Jul-10,-66.28180556,110.5276111,Casey,Fuel usage,2063,,litres
Jul-10,-54.61988889,158.861,Macquarie Island,Fuel usage,332,,litres
Aug-10,-67.60269444,62.87380556,Mawson,Fuel usage,961,,litres
Aug-10,-68.57661111,77.96738889,Davis,Fuel usage,1900,,litres
Aug-10,-66.28180556,110.5276111,Casey,Fuel usage,8023,,litres
Aug-10,-54.61988889,158.861,Macquarie Island,Fuel usage,422,,litres
Sep-10,-67.60269444,62.87380556,Mawson,Fuel usage,1640,,litres
Sep-10,-68.57661111,77.96738889,Davis,Fuel usage,3100,,litres
Sep-10,-66.28180556,110.5276111,Casey,Fuel usage,10215,,litres
Sep-10,-54.61988889,158.861,Macquarie Island,Fuel usage,187,,litres
Oct-10,-67.60269444,62.87380556,Mawson,Fuel usage,2200,,litres
Oct-10,-68.57661111,77.96738889,Davis,Fuel usage,4900,,litres
Oct-10,-66.28180556,110.5276111,Casey,Fuel usage,4000,,litres
Oct-10,-54.61988889,158.861,Macquarie Island,Fuel usage,122,,litres
Nov-10,-67.60269444,62.87380556,Mawson,Fuel usage,2200,,litres
Nov-10,-68.57661111,77.96738889,Davis,Fuel usage,6000,,litres
Nov-10,-66.28180556,110.5276111,Casey,Fuel usage,46064,,litres
Nov-10,-54.61988889,158.861,Macquarie Island,Fuel usage,74,,litres
Dec-10,-67.60269444,62.87380556,Mawson,Fuel usage,1173,,litres
Dec-10,-68.57661111,77.96738889,Davis,Fuel usage,1259,,litres
Dec-10,-66.28180556,110.5276111,Casey,Fuel usage,16635,,litres
Dec-10,-54.61988889,158.861,Macquarie Island,Fuel usage,90,,litres
Jan-11,-67.60269444,62.87380556,Mawson,Fuel usage,1895,,litres
Jan-11,-68.57661111,77.96738889,Davis,Fuel usage,2226,,litres
Jan-11,-66.28180556,110.5276111,Casey,Fuel usage,40053,,litres
Jan-11,-54.61988889,158.861,Macquarie Island,Fuel usage,186,,litres
Feb-11,-67.60269444,62.87380556,Mawson,Fuel usage,2230,,litres
Feb-11,-68.57661111,77.96738889,Davis,Fuel usage,711,,litres
Feb-11,-66.28180556,110.5276111,Casey,Fuel usage,37886,,litres
Feb-11,-54.61988889,158.861,Macquarie Island,Fuel usage,60,,litres
Mar-11,-67.60269444,62.87380556,Mawson,Fuel usage,1500,,litres
Mar-11,-68.57661111,77.96738889,Davis,Fuel usage,1739,,litres
Mar-11,-66.28180556,110.5276111,Casey,Fuel usage,11299,,litres
Mar-11,-54.61988889,158.861,Macquarie Island,Fuel usage,348,,litres
Apr-11,-67.60269444,62.87380556,Mawson,Fuel usage,600,,litres
Apr-11,-68.57661111,77.96738889,Davis,Fuel usage,1230,,litres
Apr-11,-66.28180556,110.5276111,Casey,Fuel usage,7449,,litres
Apr-11,-54.61988889,158.861,Macquarie Island,Fuel usage,1332,,litres
May-11,-67.60269444,62.87380556,Mawson,Fuel usage,1300,,litres
May-11,-68.57661111,77.96738889,Davis,Fuel usage,127,,litres
May-11,-66.28180556,110.5276111,Casey,Fuel usage,3085,,litres
May-11,-54.61988889,158.861,Macquarie Island,Fuel usage,819,,litres
Jun-11,-67.60269444,62.87380556,Mawson,Fuel usage,1700,,litres
Jun-11,-68.57661111,77.96738889,Davis,Fuel usage,2338,,litres
Jun-11,-66.28180556,110.5276111,Casey,Fuel usage,5563,,litres
Jun-11,-54.61988889,158.861,Macquarie Island,Fuel usage,336,,litres
Jul-11,-67.60269444,62.87380556,Mawson,Fuel usage,1200,,litres
Jul-11,-68.57661111,77.96738889,Davis,Fuel usage,3520,,litres
Jul-11,-66.28180556,110.5276111,Casey,Fuel usage,4942,,litres
Jul-11,-54.61988889,158.861,Macquarie Island,Fuel usage,690,,litres
Aug-11,-67.60269444,62.87380556,Mawson,Fuel usage,1150,,litres
Aug-11,-68.57661111,77.96738889,Davis,Fuel usage,4300,,litres
Aug-11,-66.28180556,110.5276111,Casey,Fuel usage,6503,,litres
Aug-11,-54.61988889,158.861,Macquarie Island,Fuel usage,110,,litres
Sep-11,-67.60269444,62.87380556,Mawson,Fuel usage,1250,,litres
Sep-11,-68.57661111,77.96738889,Davis,Fuel usage,1580,,litres
Sep-11,-66.28180556,110.5276111,Casey,Fuel usage,1602,,litres
Sep-11,-54.61988889,158.861,Macquarie Island,Fuel usage,114,,litres
Oct-11,-67.60269444,62.87380556,Mawson,Fuel usage,1500,,litres
Oct-11,-68.57661111,77.96738889,Davis,Fuel usage,1180,,litres
Oct-11,-66.28180556,110.5276111,Casey,Fuel usage,8894,,litres
Oct-11,-54.61988889,158.861,Macquarie Island,Fuel usage,100,,litres
Nov-11,-67.60269444,62.87380556,Mawson,Fuel usage,800,,litres
Nov-11,-68.57661111,77.96738889,Davis,Fuel usage,4600,,litres
Nov-11,-66.28180556,110.5276111,Casey,Fuel usage,47954,,litres
Nov-11,-54.61988889,158.861,Macquarie Island,Fuel usage,100,,litres
Dec-11,-67.60269444,62.87380556,Mawson,Fuel usage,1400,,litres
Dec-11,-68.57661111,77.96738889,Davis,Fuel usage,3500,,litres
Dec-11,-66.28180556,110.5276111,Casey,Fuel usage,32500,,litres
Dec-11,-54.61988889,158.861,Macquarie Island,Fuel usage,97,,litres
Jan-12,-67.60269444,62.87380556,Mawson,Fuel usage,1350,,litres
Jan-12,-68.57661111,77.96738889,Davis,Fuel usage,4200,,litres
Jan-12,-66.28180556,110.5276111,Casey,Fuel usage,43800,,litres
Jan-12,-54.61988889,158.861,Macquarie Island,Fuel usage,100,,litres
Jan-12,-66.69083333,111.5287778,Wilkins Runway,Fuel usage,24000,,litres
Feb-12,-67.60269444,62.87380556,Mawson,Fuel usage,1550,,litres
Feb-12,-68.57661111,77.96738889,Davis,Fuel usage,394,,litres
Feb-12,-66.28180556,110.5276111,Casey,Fuel usage,30615,,litres
Feb-12,-54.61988889,158.861,Macquarie Island,Fuel usage,125,,litres
Feb-12,-66.69083333,111.5287778,Wilkins Runway,Fuel usage,16000,,litres
Mar-12,-67.60269444,62.87380556,Mawson,Fuel usage,1650,,litres
Mar-12,-68.57661111,77.96738889,Davis,Fuel usage,2600,,litres
Mar-12,-66.28180556,110.5276111,Casey,Fuel usage,33600,,litres
Mar-12,-54.61988889,158.861,Macquarie Island,Fuel usage,131,,litres
Mar-12,-66.69083333,111.5287778,Wilkins Runway,Fuel usage,18000,,litres
Apr-12,-67.60269444,62.87380556,Mawson,Fuel usage,830,,litres
Apr-12,-68.57661111,77.96738889,Davis,Fuel usage,520,,litres
Apr-12,-66.28180556,110.5276111,Casey,Fuel usage,1824,,litres
Apr-12,-54.61988889,158.861,Macquarie Island,Fuel usage,969,,litres
Apr-12,-66.69083333,111.5287778,Wilkins Runway,Fuel usage,0,,litres
May-12,-67.60269444,62.87380556,Mawson,Fuel usage,670,,litres
May-12,-68.57661111,77.96738889,Davis,Fuel usage,700,,litres
May-12,-66.28180556,110.5276111,Casey,Fuel usage,6000,,litres
May-12,-54.61988889,158.861,Macquarie Island,Fuel usage,64,,litres
May-12,-66.69083333,111.5287778,Wilkins Runway,Fuel usage,0,,litres
Jun-12,-67.60269444,62.87380556,Mawson,Fuel usage,950,,litres
Jun-12,-68.57661111,77.96738889,Davis,Fuel usage,530,,litres
Jun-12,-66.28180556,110.5276111,Casey,Fuel usage,2000,,litres
Jun-12,-54.61988889,158.861,Macquarie Island,Fuel usage,0,,litres
Jun-12,-66.69083333,111.5287778,Wilkins Runway,Fuel usage,0,,litres
Jul-12,-67.60269444,62.87380556,Mawson,Fuel usage,2600,,litres
Jul-12,-68.57661111,77.96738889,Davis,Fuel usage,530,,litres
Jul-12,-66.28180556,110.5276111,Casey,Fuel usage,17000,,litres
Jul-12,-54.61988889,158.861,Macquarie Island,Fuel usage,0,,litres
Jul-12,-66.69083333,111.5287778,Wilkins Runway,Fuel usage,10000,,litres
Aug-12,-67.60269444,62.87380556,Mawson,Fuel usage,1420,,litres
Aug-12,-68.57661111,77.96738889,Davis,Fuel usage,1020,,litres
Aug-12,-66.28180556,110.5276111,Casey,Fuel usage,9000,,litres
Aug-12,-54.61988889,158.861,Macquarie Island,Fuel usage,86,,litres
Aug-12,-66.69083333,111.5287778,Wilkins Runway,Fuel usage,0,,litres
Sep-12,-67.60269444,62.87380556,Mawson,Fuel usage,1780,,litres
Sep-12,-68.57661111,77.96738889,Davis,Fuel usage,2630,,litres
Sep-12,-66.28180556,110.5276111,Casey,Fuel usage,15200,,litres
Sep-12,-54.61988889,158.861,Macquarie Island,Fuel usage,66,,litres
Sep-12,-66.69083333,111.5287778,Wilkins Runway,Fuel usage,9200,,litres
Oct-12,-67.60269444,62.87380556,Mawson,Fuel usage,1730,,litres
Oct-12,-68.57661111,77.96738889,Davis,Fuel usage,3460,,litres
Oct-12,-66.28180556,110.5276111,Casey,Fuel usage,14600,,litres
Oct-12,-54.61988889,158.861,Macquarie Island,Fuel usage,73,,litres
Oct-12,-66.69083333,111.5287778,Wilkins Runway,Fuel usage,9300,,litres
Nov-12,-67.60269444,62.87380556,Mawson,Fuel usage,2130,,litres
Nov-12,-68.57661111,77.96738889,Davis,Fuel usage,2580,,litres
Nov-12,-66.28180556,110.5276111,Casey,Fuel usage,41892,,litres
Nov-12,-54.61988889,158.861,Macquarie Island,Fuel usage,0,,litres
Nov-12,-66.69083333,111.5287778,Wilkins Runway,Fuel usage,23292,,litres
Dec-12,-67.60269444,62.87380556,Mawson,Fuel usage,4100,,litres
Dec-12,-68.57661111,77.96738889,Davis,Fuel usage,9280,,litres
Dec-12,-66.28180556,110.5276111,Casey,Fuel usage,32400,,litres
Dec-12,-54.61988889,158.861,Macquarie Island,Fuel usage,80,,litres
Dec-12,-66.69083333,111.5287778,Wilkins Runway,Fuel usage,13800,,litres
Jan-13,-67.60269444,62.87380556,Mawson,Fuel usage,2850,,litres
Jan-13,-68.57661111,77.96738889,Davis,Fuel usage,15360,,litres
Jan-13,-66.28180556,110.5276111,Casey,Fuel usage,5000,,litres
Jan-13,-54.61988889,158.861,Macquarie Island,Fuel usage,138,,litres
Jan-13,-66.69083333,111.5287778,Wilkins Runway,Fuel usage,0,,litres
Feb-13,-67.60269444,62.87380556,Mawson,Fuel usage,1000,,litres
Feb-13,-68.57661111,77.96738889,Davis,Fuel usage,670,,litres
Feb-13,-66.28180556,110.5276111,Casey,Fuel usage,5000,,litres
Feb-13,-54.61988889,158.861,Macquarie Island,Fuel usage,173,,litres
Feb-13,-66.69083333,111.5287778,Wilkins Runway,Fuel usage,0,,litres
Mar-13,-67.60269444,62.87380556,Mawson,Fuel usage,1200,,litres
Mar-13,-68.57661111,77.96738889,Davis,Fuel usage,630,,litres
Mar-13,-66.28180556,110.5276111,Casey,Fuel usage,4680,,litres
Mar-13,-54.61988889,158.861,Macquarie Island,Fuel usage,340,,litres
Mar-13,-66.69083333,111.5287778,Wilkins Runway,Fuel usage,0,,litres
Apr-13,-67.60269444,62.87380556,Mawson,Fuel usage,550,,litres
Apr-13,-68.57661111,77.96738889,Davis,Fuel usage,940,,litres
Apr-13,-66.28180556,110.5276111,Casey,Fuel usage,2325,,litres
Apr-13,-54.61988889,158.861,Macquarie Island,Fuel usage,103,,litres
Apr-13,-66.69083333,111.5287778,Wilkins Runway,Fuel usage,0,,litres
May-13,-67.60269444,62.87380556,Mawson,Fuel usage,1150,,litres
May-13,-68.57661111,77.96738889,Davis,Fuel usage,620,,litres
May-13,-66.28180556,110.5276111,Casey,Fuel usage,2711,,litres
May-13,-54.61988889,158.861,Macquarie Island,Fuel usage,240,,litres
May-13,-66.69083333,111.5287778,Wilkins Runway,Fuel usage,0,,litres
Jun-13,-67.60269444,62.87380556,Mawson,Fuel usage,800,,litres
Jun-13,-68.57661111,77.96738889,Davis,Fuel usage,1380,,litres
Jun-13,-66.28180556,110.5276111,Casey,Fuel usage,4549,,litres
Jun-13,-54.61988889,158.861,Macquarie Island,Fuel usage,112,,litres
Jun-13,-66.69083333,111.5287778,Wilkins Runway,Fuel usage,0,,litres
Jul-13,-67.60269444,62.87380556,Mawson,Fuel usage,1400,,litres
Jul-13,-68.57661111,77.96738889,Davis,Fuel usage,1600,,litres
Jul-13,-66.28180556,110.5276111,Casey,Fuel usage,4549,,litres
Jul-13,-54.61988889,158.861,Macquarie Island,Fuel usage,100,,litres
Jul-13,-66.69083333,111.5287778,Wilkins Runway,Fuel usage,0,,litres
Aug-13,-67.60269444,62.87380556,Mawson,Fuel usage,3700,,litres
Aug-13,-68.57661111,77.96738889,Davis,Fuel usage,2290,,litres
Aug-13,-66.28180556,110.5276111,Casey,Fuel usage,8639,,litres
Aug-13,-54.61988889,158.861,Macquarie Island,Fuel usage,75,,litres
Aug-13,-66.69083333,111.5287778,Wilkins Runway,Fuel usage,0,,litres
Sep-13,-67.60269444,62.87380556,Mawson,Fuel usage,1200,,litres
Sep-13,-68.57661111,77.96738889,Davis,Fuel usage,2090,,litres
Sep-13,-66.28180556,110.5276111,Casey,Fuel usage,6290,,litres
Sep-13,-54.61988889,158.861,Macquarie Island,Fuel usage,114,,litres
Sep-13,-66.69083333,111.5287778,Wilkins Runway,Fuel usage,0,,litres
Oct-13,-67.60269444,62.87380556,Mawson,Fuel usage,1700,,litres
Oct-13,-68.57661111,77.96738889,Davis,Fuel usage,4860,,litres
Oct-13,-66.28180556,110.5276111,Casey,Fuel usage,12932,,litres
Oct-13,-54.61988889,158.861,Macquarie Island,Fuel usage,111,,litres
Oct-13,-66.69083333,111.5287778,Wilkins Runway,Fuel usage,887,,litres
Nov-13,-67.60269444,62.87380556,Mawson,Fuel usage,2500,,litres
Nov-13,-68.57661111,77.96738889,Davis,Fuel usage,8020,,litres
Nov-13,-66.28180556,110.5276111,Casey,Fuel usage,17210,,litres
Nov-13,-54.61988889,158.861,Macquarie Island,Fuel usage,97,,litres
Nov-13,-66.69083333,111.5287778,Wilkins Runway,Fuel usage,2750,,litres
Dec-13,-67.60269444,62.87380556,Mawson,Fuel usage,900,,litres
Dec-13,-68.57661111,77.96738889,Davis,Fuel usage,10610,,litres
Dec-13,-66.28180556,110.5276111,Casey,Fuel usage,61356,,litres
Dec-13,-54.61988889,158.861,Macquarie Island,Fuel usage,283,,litres
Dec-13,-66.69083333,111.5287778,Wilkins Runway,Fuel usage,14156,,litres
Jan-14,-67.60269444,62.87380556,Mawson,Fuel usage,1200,,litres
Jan-14,-68.57661111,77.96738889,Davis,Fuel usage,840,,litres
Jan-14,-66.28180556,110.5276111,Casey,Fuel usage,26349,,litres
Jan-14,-54.61988889,158.861,Macquarie Island,Fuel usage,316,,litres
Jan-14,-66.69083333,111.5287778,Wilkins Runway,Fuel usage,13349,,litres
Feb-14,-67.60269444,62.87380556,Mawson,Fuel usage,1250,,litres
Feb-14,-68.57661111,77.96738889,Davis,Fuel usage,219,,litres
Feb-14,-66.28180556,110.5276111,Casey,Fuel usage,18125,,litres
Feb-14,-54.61988889,158.861,Macquarie Island,Fuel usage,83,,litres
Feb-14,-66.69083333,111.5287778,Wilkins Runway,Fuel usage,13925,,litres
Mar-14,-67.60269444,62.87380556,Mawson,Fuel usage,950,,litres
Mar-14,-68.57661111,77.96738889,Davis,Fuel usage,908,,litres
Mar-14,-66.28180556,110.5276111,Casey,Fuel usage,8000,,litres
Mar-14,-54.61988889,158.861,Macquarie Island,Fuel usage,880,,litres
Mar-14,-66.69083333,111.5287778,Wilkins Runway,Fuel usage,3000,,litres
Apr-14,-67.60269444,62.87380556,Mawson,Fuel usage,400,,litres
Apr-14,-68.57661111,77.96738889,Davis,Fuel usage,196,,litres
Apr-14,-66.28180556,110.5276111,Casey,Fuel usage,7500,,litres
Apr-14,-54.61988889,158.861,Macquarie Island,Fuel usage,109,,litres
Apr-14,-66.69083333,111.5287778,Wilkins Runway,Fuel usage,0,,litres
May-14,-67.60269444,62.87380556,Mawson,Fuel usage,615,,litres
May-14,-68.57661111,77.96738889,Davis,Fuel usage,26,,litres
May-14,-66.28180556,110.5276111,Casey,Fuel usage,13919,,litres
May-14,-54.61988889,158.861,Macquarie Island,Fuel usage,174,,litres
May-14,-66.69083333,111.5287778,Wilkins Runway,Fuel usage,0,,litres
Jun-14,-67.60269444,62.87380556,Mawson,Fuel usage,1530,,litres
Jun-14,-68.57661111,77.96738889,Davis,Fuel usage,150,,litres
Jun-14,-66.28180556,110.5276111,Casey,Fuel usage,5500,,litres
Jun-14,-54.61988889,158.861,Macquarie Island,Fuel usage,0,,litres
Jun-14,-66.69083333,111.5287778,Wilkins Runway,Fuel usage,0,,litres
Jul-14,-67.60269444,62.87380556,Mawson,Fuel usage,1130,,litres
Jul-14,-68.57661111,77.96738889,Davis,Fuel usage,1700,,litres
Jul-14,-66.28180556,110.5276111,Casey,Fuel usage,5000,,litres
Jul-14,-54.61988889,158.861,Macquarie Island,Fuel usage,199,,litres
Jul-14,-66.69083333,111.5287778,Wilkins Runway,Fuel usage,0,,litres
Aug-14,-67.60269444,62.87380556,Mawson,Fuel usage,696,,litres
Aug-14,-68.57661111,77.96738889,Davis,Fuel usage,2800,,litres
Aug-14,-66.28180556,110.5276111,Casey,Fuel usage,10000,,litres
Aug-14,-54.61988889,158.861,Macquarie Island,Fuel usage,0,,litres
Aug-14,-66.69083333,111.5287778,Wilkins Runway,Fuel usage,0,,litres
Sep-14,-67.60269444,62.87380556,Mawson,Fuel usage,2415,,litres
Sep-14,-68.57661111,77.96738889,Davis,Fuel usage,4400,,litres
Sep-14,-66.28180556,110.5276111,Casey,Fuel usage,5960,,litres
Sep-14,-54.61988889,158.861,Macquarie Island,Fuel usage,121,,litres
Sep-14,-66.69083333,111.5287778,Wilkins Runway,Fuel usage,0,,litres
Oct-14,-67.60269444,62.87380556,Mawson,Fuel usage,523,,litres
Oct-14,-68.57661111,77.96738889,Davis,Fuel usage,4460,,litres
Oct-14,-66.28180556,110.5276111,Casey,Fuel usage,13852,,litres
Oct-14,-54.61988889,158.861,Macquarie Island,Fuel usage,523,,litres
Oct-14,-66.69083333,111.5287778,Wilkins Runway,Fuel usage,0,,litres
Nov-14,-67.60269444,62.87380556,Mawson,Fuel usage,1040,,litres
Nov-14,-68.57661111,77.96738889,Davis,Fuel usage,7890,,litres
Nov-14,-66.28180556,110.5276111,Casey,Fuel usage,11200,,litres
Nov-14,-54.61988889,158.861,Macquarie Island,Fuel usage,368,,litres
Nov-14,-66.69083333,111.5287778,Wilkins Runway,Fuel usage,0,,litres
Dec-14,-67.60269444,62.87380556,Mawson,Fuel usage,784,,litres
Dec-14,-68.57661111,77.96738889,Davis,Fuel usage,7890,,litres
Dec-14,-66.28180556,110.5276111,Casey,Fuel usage,17211,,litres
Dec-14,-54.61988889,158.861,Macquarie Island,Fuel usage,113,,litres
Dec-14,-66.69083333,111.5287778,Wilkins Runway,Fuel usage,9711,,litres
Jan-15,-67.60269444,62.87380556,Mawson,Fuel usage,1241,,litres
Jan-15,-68.57661111,77.96738889,Davis,Fuel usage,6450,,litres
Jan-15,-66.28180556,110.5276111,Casey,Fuel usage,36435,,litres
Jan-15,-54.61988889,158.861,Macquarie Island,Fuel usage,250,,litres
Jan-15,-66.69083333,111.5287778,Wilkins Runway,Fuel usage,15117,,litres
Feb-15,-67.60269444,62.87380556,Mawson,Fuel usage,1553,,litres
Feb-15,-68.57661111,77.96738889,Davis,Fuel usage,2080,,litres
Feb-15,-66.28180556,110.5276111,Casey,Fuel usage,18624,,litres
Feb-15,-54.61988889,158.861,Macquarie Island,Fuel usage,180,,litres
Feb-15,-66.69083333,111.5287778,Wilkins Runway,Fuel usage,12440,,litres
Mar-15,-67.60269444,62.87380556,Mawson,Fuel usage,289,,litres
Mar-15,-68.57661111,77.96738889,Davis,Fuel usage,1980,,litres
Mar-15,-66.28180556,110.5276111,Casey,Fuel usage,19582,,litres
Mar-15,-54.61988889,158.861,Macquarie Island,Fuel usage,148,,litres
Mar-15,-66.69083333,111.5287778,Wilkins Runway,Fuel usage,13250,,litres
Apr-15,-67.60269444,62.87380556,Mawson,Fuel usage,1263,,litres
Apr-15,-68.57661111,77.96738889,Davis,Fuel usage,960,,litres
Apr-15,-66.28180556,110.5276111,Casey,Fuel usage,8028,,litres
Apr-15,-54.61988889,158.861,Macquarie Island,Fuel usage,454,,litres
Apr-15,-66.69083333,111.5287778,Wilkins Runway,Fuel usage,0,,litres
May-15,-67.60269444,62.87380556,Mawson,Fuel usage,405,,litres
May-15,-68.57661111,77.96738889,Davis,Fuel usage,530,,litres
May-15,-66.28180556,110.5276111,Casey,Fuel usage,3378,,litres
May-15,-54.61988889,158.861,Macquarie Island,Fuel usage,100,,litres
May-15,-66.69083333,111.5287778,Wilkins Runway,Fuel usage,0,,litres
Jun-15,-67.60269444,62.87380556,Mawson,Fuel usage,1220,,litres
Jun-15,-68.57661111,77.96738889,Davis,Fuel usage,8195,,litres
Jun-15,-66.28180556,110.5276111,Casey,Fuel usage,8195,,litres
Jun-15,-54.61988889,158.861,Macquarie Island,Fuel usage,161,,litres
Jun-15,-66.69083333,111.5287778,Wilkins Runway,Fuel usage,0,,litres
Jul-15,-67.60269444,62.87380556,Mawson,Fuel usage,1860,,litres
Jul-15,-68.57661111,77.96738889,Davis,Fuel usage,3720,,litres
Jul-15,-66.28180556,110.5276111,Casey,Fuel usage,3720,,litres
Jul-15,-54.61988889,158.861,Macquarie Island,Fuel usage,23,,litres
Jul-15,-66.69083333,111.5287778,Wilkins Runway,Fuel usage,0,,litres
Aug-15,-67.60269444,62.87380556,Mawson,Fuel usage,2530,,litres
Aug-15,-68.57661111,77.96738889,Davis,Fuel usage,3550,,litres
Aug-15,-66.28180556,110.5276111,Casey,Fuel usage,9466,,litres
Aug-15,-54.61988889,158.861,Macquarie Island,Fuel usage,97,,litres
Aug-15,-66.69083333,111.5287778,Wilkins Runway,Fuel usage,1605,,litres
Sep-15,-67.60269444,62.87380556,Mawson,Fuel usage,955,,litres
Sep-15,-68.57661111,77.96738889,Davis,Fuel usage,5960,,litres
Sep-15,-66.28180556,110.5276111,Casey,Fuel usage,18726,,litres
Sep-15,-54.61988889,158.861,Macquarie Island,Fuel usage,56,,litres
Sep-15,-66.69083333,111.5287778,Wilkins Runway,Fuel usage,8841,,litres
Oct-15,-67.60269444,62.87380556,Mawson,Fuel usage,2437,,litres
Oct-15,-68.57661111,77.96738889,Davis,Fuel usage,7370,,litres
Oct-15,-66.28180556,110.5276111,Casey,Fuel usage,19999,,litres
Oct-15,-54.61988889,158.861,Macquarie Island,Fuel usage,677,,litres
Oct-15,-66.69083333,111.5287778,Wilkins Runway,Fuel usage,12387,,litres
Nov-15,-67.60269444,62.87380556,Mawson,Fuel usage,1310,,litres
Nov-15,-68.57661111,77.96738889,Davis,Fuel usage,7480,,litres
Nov-15,-66.28180556,110.5276111,Casey,Fuel usage,36047,,litres
Nov-15,-54.61988889,158.861,Macquarie Island,Fuel usage,138,,litres
Nov-15,-66.69083333,111.5287778,Wilkins Runway,Fuel usage,18547,,litres
Dec-15,-67.60269444,62.87380556,Mawson,Fuel usage,1398,,litres
Dec-15,-68.57661111,77.96738889,Davis,Fuel usage,10740,,litres
Dec-15,-66.28180556,110.5276111,Casey,Fuel usage,34924,,litres
Dec-15,-54.61988889,158.861,Macquarie Island,Fuel usage,142,,litres
Dec-15,-66.69083333,111.5287778,Wilkins Runway,Fuel usage,11930,,litres
Jan-16,-67.60269444,62.87380556,Mawson,Fuel usage,431,,litres
Jan-16,-68.57661111,77.96738889,Davis,Fuel usage,1090,,litres
Jan-16,-66.28180556,110.5276111,Casey,Fuel usage,59414,,litres
Jan-16,-54.61988889,158.861,Macquarie Island,Fuel usage,130,,litres
Jan-16,-66.69083333,111.5287778,Wilkins Runway,Fuel usage,12000,,litres
Feb-16,-67.60269444,62.87380556,Mawson,Fuel usage,900,,litres
Feb-16,-68.57661111,77.96738889,Davis,Fuel usage,2720,,litres
Feb-16,-66.28180556,110.5276111,Casey,Fuel usage,32505,,litres
Feb-16,-54.61988889,158.861,Macquarie Island,Fuel usage,113,,litres
Feb-16,-66.69083333,111.5287778,Wilkins Runway,Fuel usage,15500,,litres
